0,0,0,0,11,NaN,NaN,NaN,NaN,NaN,NaN,NaN,NaN,NaN,NaN,NaN,NaN,NaN,NaN,NaN,NaN,NaN,NaN,NaN,NaN,NaN,NaN,NaN,NaN,NaN,NaN,NaN,NaN,NaN,NaN,NaN,NaN,NaN,NaN,NaN,NaN,NaN,NaN,NaN,NaN,NaN,NaN,NaN,NaN,NaN,NaN,NaN,NaN,NaN,NaN,NaN,NaN,NaN,NaN,NaN,NaN,NaN,NaN,NaN,NaN,NaN,NaN,NaN,NaN,NaN,NaN,NaN,NaN,NaN,NaN,NaN,NaN,NaN,NaN,NaN,NaN,NaN,NaN,NaN,NaN,NaN,NaN,NaN,NaN,NaN,NaN,NaN,NaN,NaN,NaN
77.99983995483007,6.092964593673987,0.5494804618186105,0.9051824595530183,14.744537129464062,22.917949873552757,33.109504870334334,44.07344928861656,54.1898009064413,62.30992482420485,68.13974770288067,72.00174544907435,74.42656676909154,75.89835477221001,76.77344315980825,77.28738997462702,77.58705977269452,77.76105378668461,77.86183057003703,77.92011728012486,NaN,NaN,NaN,NaN,NaN,NaN,NaN,NaN,NaN,NaN,NaN,NaN,NaN,NaN,NaN,NaN,NaN,NaN,NaN,NaN,NaN,NaN,NaN,NaN,NaN,NaN,NaN,NaN,NaN,NaN,NaN,NaN,NaN,NaN,NaN,NaN,NaN,NaN,NaN,NaN,NaN,NaN,NaN,NaN,NaN,NaN,NaN,NaN,NaN,NaN,NaN,NaN,NaN,NaN,NaN,NaN,NaN,NaN,NaN,NaN,NaN,NaN,NaN,NaN,NaN,NaN,NaN,NaN,NaN,NaN,NaN,NaN,NaN,NaN,NaN
49.1818419734171,59.22619732388214,1.7932557665145983,1.574648318049772,10.816402016081659,26.548085692733483,42.19289228166352,47.81368361058928,48.947173343575095,49.142588133628124,49.17530384947135,49.18075376013374,49.181660871415374,49.18181183476102,49.1818369578149,49.181841138733176,49.18184183451111,49.181841950300715,49.18184196957014,49.181841972776894,49.18184197331056,NaN,NaN,NaN,NaN,NaN,NaN,NaN,NaN,NaN,NaN,NaN,NaN,NaN,NaN,NaN,NaN,NaN,NaN,NaN,NaN,NaN,NaN,NaN,NaN,NaN,NaN,NaN,NaN,NaN,NaN,NaN,NaN,NaN,NaN,NaN,NaN,NaN,NaN,NaN,NaN,NaN,NaN,NaN,NaN,NaN,NaN,NaN,NaN,NaN,NaN,NaN,NaN,NaN,NaN,NaN,NaN,NaN,NaN,NaN,NaN,NaN,NaN,NaN,NaN,NaN,NaN,NaN,NaN,NaN,NaN,NaN,NaN,NaN,NaN
49.181238299500045,59.22617887643735,1.7937880822592718,1.5725391946780827,10.797640997442864,26.536975134201807,42.19288472854501,47.814098206100454,48.94687939763364,49.14205753779504,49.17471583470628,49.18015327075581,49.18105782358514,49.181208281020226,49.181233306555825,49.181237469029,49.181238161368704,49.18123827652481,49.181238295678604,49.18123829886442,49.18123829939432,49.181238299482466,NaN,NaN,NaN,NaN,NaN,NaN,NaN,NaN,NaN,NaN,NaN,NaN,NaN,NaN,NaN,NaN,NaN,NaN,NaN,NaN,NaN,NaN,NaN,NaN,NaN,NaN,NaN,NaN,NaN,NaN,NaN,NaN,NaN,NaN,NaN,NaN,NaN,NaN,NaN,NaN,NaN,NaN,NaN,NaN,NaN,NaN,NaN,NaN,NaN,NaN,NaN,NaN,NaN,NaN,NaN,NaN,NaN,NaN,NaN,NaN,NaN,NaN,NaN,NaN,NaN,NaN,NaN,NaN,NaN,NaN,NaN,NaN,NaN
46.396181791757364,16.912450367179755,1.581590949601954,1.0235880477440633,10.725103311670397,27.3877467734104,40.575025543334036,45.06491486197912,46.11594813242242,46.338271276923216,46.384260670729994,46.39372973470826,46.395677510535975,46.39607808659689,46.39616046499518,46.39617740595695,46.39618088982769,46.39618160627763,46.39618175361389,46.39618178391324,46.39618179014423,46.396181791425626,46.396181791689145,NaN,NaN,NaN,NaN,NaN,NaN,NaN,NaN,NaN,NaN,NaN,NaN,NaN,NaN,NaN,NaN,NaN,NaN,NaN,NaN,NaN,NaN,NaN,NaN,NaN,NaN,NaN,NaN,NaN,NaN,NaN,NaN,NaN,NaN,NaN,NaN,NaN,NaN,NaN,NaN,NaN,NaN,NaN,NaN,NaN,NaN,NaN,NaN,NaN,NaN,NaN,NaN,NaN,NaN,NaN,NaN,NaN,NaN,NaN,NaN,NaN,NaN,NaN,NaN,NaN,NaN,NaN,NaN,NaN,NaN,NaN,NaN
46.396181791757364,16.912450367179755,1.581590949601954,1.0235880477440633,10.725103311670397,27.3877467734104,40.575025543334036,45.06491486197912,46.11594813242242,46.338271276923216,46.384260670729994,46.39372973470826,46.395677510535975,46.39607808659689,46.39616046499518,46.39617740595695,46.39618088982769,46.39618160627763,46.39618175361389,46.39618178391324,46.39618179014423,46.396181791425626,46.396181791689145,46.39618179174333,NaN,NaN,NaN,NaN,NaN,NaN,NaN,NaN,NaN,NaN,NaN,NaN,NaN,NaN,NaN,NaN,NaN,NaN,NaN,NaN,NaN,NaN,NaN,NaN,NaN,NaN,NaN,NaN,NaN,NaN,NaN,NaN,NaN,NaN,NaN,NaN,NaN,NaN,NaN,NaN,NaN,NaN,NaN,NaN,NaN,NaN,NaN,NaN,NaN,NaN,NaN,NaN,NaN,NaN,NaN,NaN,NaN,NaN,NaN,NaN,NaN,NaN,NaN,NaN,NaN,NaN,NaN,NaN,NaN,NaN,NaN
48.87359262686257,17.304566289583168,1.4849277297894101,1.0577718949098036,10.837221647342794,26.801935906650293,41.099051736060055,46.85784954803375,48.40150136307514,48.765826798871295,48.84913874026606,48.86805115745426,48.87233726708181,48.87330825857075,48.87352821182549,48.873578035636115,48.87358932167598,48.87359187817592,48.87359245727104,48.873592588446904,48.8735926181607,48.87359262489143,48.87359262641607,48.87359262676143,48.87359262683966,NaN,NaN,NaN,NaN,NaN,NaN,NaN,NaN,NaN,NaN,NaN,NaN,NaN,NaN,NaN,NaN,NaN,NaN,NaN,NaN,NaN,NaN,NaN,NaN,NaN,NaN,NaN,NaN,NaN,NaN,NaN,NaN,NaN,NaN,NaN,NaN,NaN,NaN,NaN,NaN,NaN,NaN,NaN,NaN,NaN,NaN,NaN,NaN,NaN,NaN,NaN,NaN,NaN,NaN,NaN,NaN,NaN,NaN,NaN,NaN,NaN,NaN,NaN,NaN,NaN,NaN,NaN,NaN,NaN,NaN
50.538566912869896,17.30618785854218,1.411204652464429,1.0873304522922642,11.05567497962043,26.36373972344696,41.13360762050829,47.85209923827109,49.854818845192646,50.37003646026459,50.49736244273119,50.52851276061618,50.53611482938466,50.53796895100417,50.538421098894666,50.53853135614551,50.53855824238087,50.53856479857647,50.5385663973008,50.5385667871487,50.53856688221286,50.53856690539419,50.538566911046956,50.53856691242537,50.5385669127615,50.53856691284347,NaN,NaN,NaN,NaN,NaN,NaN,NaN,NaN,NaN,NaN,NaN,NaN,NaN,NaN,NaN,NaN,NaN,NaN,NaN,NaN,NaN,NaN,NaN,NaN,NaN,NaN,NaN,NaN,NaN,NaN,NaN,NaN,NaN,NaN,NaN,NaN,NaN,NaN,NaN,NaN,NaN,NaN,NaN,NaN,NaN,NaN,NaN,NaN,NaN,NaN,NaN,NaN,NaN,NaN,NaN,NaN,NaN,NaN,NaN,NaN,NaN,NaN,NaN,NaN,NaN,NaN,NaN,NaN,NaN
51.331012392416824,17.265522542773617,1.3560826938809714,1.1280365258795695,11.419673763923038,26.08171519171934,40.80787787398892,48.099460395901374,50.45485277134783,51.10217014859551,51.27183868714739,51.31575131691254,51.32707917542799,51.329998866261654,51.330751234916676,51.330945100171874,51.330995053329424,51.331007924684755,51.3310112412244,51.33101209579118,51.33101231598583,51.33101237272299,51.331012387342355,51.3310123911093,51.33101239207992,51.33101239233001,51.33101239239445,NaN,NaN,NaN,NaN,NaN,NaN,NaN,NaN,NaN,NaN,NaN,NaN,NaN,NaN,NaN,NaN,NaN,NaN,NaN,NaN,NaN,NaN,NaN,NaN,NaN,NaN,NaN,NaN,NaN,NaN,NaN,NaN,NaN,NaN,NaN,NaN,NaN,NaN,NaN,NaN,NaN,NaN,NaN,NaN,NaN,NaN,NaN,NaN,NaN,NaN,NaN,NaN,NaN,NaN,NaN,NaN,NaN,NaN,NaN,NaN,NaN,NaN,NaN,NaN,NaN,NaN,NaN,NaN
52.54819625348465,17.117423211732593,1.3270235904009036,1.1099471491488784,11.237000721079536,25.778514403865504,40.93298671989196,48.83443709407291,51.50607204322231,52.26744274990605,52.47341233337567,52.52833674337639,52.54292666441725,52.546798303975706,52.54782541788525,52.5480978830089,52.54817015914089,52.548189331549544,52.548194417333,52.548195766416725,52.54819612428226,52.548196219211704,52.54819624439321,52.548196251073,52.548196252844924,52.54819625331495,52.548196253439635,52.54819625347271,NaN,NaN,NaN,NaN,NaN,NaN,NaN,NaN,NaN,NaN,NaN,NaN,NaN,NaN,NaN,NaN,NaN,NaN,NaN,NaN,NaN,NaN,NaN,NaN,NaN,NaN,NaN,NaN,NaN,NaN,NaN,NaN,NaN,NaN,NaN,NaN,NaN,NaN,NaN,NaN,NaN,NaN,NaN,NaN,NaN,NaN,NaN,NaN,NaN,NaN,NaN,NaN,NaN,NaN,NaN,NaN,NaN,NaN,NaN,NaN,NaN,NaN,NaN,NaN,NaN,NaN,NaN
53.66577731400229,16.594833000485774,1.2908031056511762,1.0912060590832446,11.132247203280084,25.46774034730909,40.89243025825136,49.38397285440406,52.412385820973604,53.314821863763285,53.5687662530082,53.63905783004044,53.65842535064586,53.66375494793938,53.66522104673065,53.66562431159816,53.665735230630645,53.665765738972446,53.66577413029212,53.6657764383234,53.665777073146984,53.66577724775508,53.66577729578101,53.66577730899053,53.66577731262382,53.66577731362314,53.665777313898,53.66577731397361,53.665777313994404,NaN,NaN,NaN,NaN,NaN,NaN,NaN,NaN,NaN,NaN,NaN,NaN,NaN,NaN,NaN,NaN,NaN,NaN,NaN,NaN,NaN,NaN,NaN,NaN,NaN,NaN,NaN,NaN,NaN,NaN,NaN,NaN,NaN,NaN,NaN,NaN,NaN,NaN,NaN,NaN,NaN,NaN,NaN,NaN,NaN,NaN,NaN,NaN,NaN,NaN,NaN,NaN,NaN,NaN,NaN,NaN,NaN,NaN,NaN,NaN,NaN,NaN,NaN,NaN,NaN,NaN
54.65469975835767,16.164773318157362,1.23622688841176,1.099124566556595,11.226189416229428,24.985427197605834,40.341600098861605,49.497761153424904,53.04376797413686,54.17626456057333,54.514813056106256,54.6139881344503,54.64286735734984,54.6512621500828,54.65370116146065,54.65440968382226,54.65461549770752,54.65467528245101,54.65469264863898,54.65469769313947,54.65469915845688,54.65469958409959,54.654699707739496,54.65469974365419,54.65469975408664,54.65469975711703,54.6546997579973,54.65469975825299,54.65469975832726,54.65469975834884,NaN,NaN,NaN,NaN,NaN,NaN,NaN,NaN,NaN,NaN,NaN,NaN,NaN,NaN,NaN,NaN,NaN,NaN,NaN,NaN,NaN,NaN,NaN,NaN,NaN,NaN,NaN,NaN,NaN,NaN,NaN,NaN,NaN,NaN,NaN,NaN,NaN,NaN,NaN,NaN,NaN,NaN,NaN,NaN,NaN,NaN,NaN,NaN,NaN,NaN,NaN,NaN,NaN,NaN,NaN,NaN,NaN,NaN,NaN,NaN,NaN,NaN,NaN,NaN,NaN
55.868472837179695,15.577611689937072,1.1598530470574075,1.1419566479759817,11.834958742163122,24.77194830517698,39.63146513302847,49.41266868062551,53.657228315066575,55.15442465211946,55.64247296472963,55.797403253292636,55.84616937248245,55.86147792869425,55.86627950587807,55.86778513722843,55.868257219114014,55.868405233770176,55.86845164131161,55.86846619158959,55.86847075357267,55.86847218390168,55.86847263235597,55.86847277296084,55.868472817045024,55.86847283086683,55.86847283520041,55.86847283655912,55.86847283698513,55.86847283711869,55.86847283716057,NaN,NaN,NaN,NaN,NaN,NaN,NaN,NaN,NaN,NaN,NaN,NaN,NaN,NaN,NaN,NaN,NaN,NaN,NaN,NaN,NaN,NaN,NaN,NaN,NaN,NaN,NaN,NaN,NaN,NaN,NaN,NaN,NaN,NaN,NaN,NaN,NaN,NaN,NaN,NaN,NaN,NaN,NaN,NaN,NaN,NaN,NaN,NaN,NaN,NaN,NaN,NaN,NaN,NaN,NaN,NaN,NaN,NaN,NaN,NaN,NaN,NaN,NaN,NaN
56.75613263175002,15.180070370992711,1.1126148631938522,1.1500891292543212,11.969142919376498,24.40144931355104,39.01086766115491,49.250273015732255,54.03000383245218,55.82793621377058,56.44739414681366,56.65425091653144,56.72260084471387,56.745106087864755,56.75250771689572,56.754941073350594,56.75574096255362,56.75600389009607,56.75609031451342,56.756118722137316,56.75612805968267,56.75613112891901,56.75613213777196,56.75613246938026,56.75613257837935,56.756132614207175,56.75613262598371,56.75613262985465,56.756132631127024,56.75613263154524,56.75613263168271,56.756132631727894,NaN,NaN,NaN,NaN,NaN,NaN,NaN,NaN,NaN,NaN,NaN,NaN,NaN,NaN,NaN,NaN,NaN,NaN,NaN,NaN,NaN,NaN,NaN,NaN,NaN,NaN,NaN,NaN,NaN,NaN,NaN,NaN,NaN,NaN,NaN,NaN,NaN,NaN,NaN,NaN,NaN,NaN,NaN,NaN,NaN,NaN,NaN,NaN,NaN,NaN,NaN,NaN,NaN,NaN,NaN,NaN,NaN,NaN,NaN,NaN,NaN,NaN,NaN
61.373285116330095,245.49613223710534,0.8940867986825412,4.481277995985383,21.894127955428527,26.64434197567677,32.28346301567985,38.73124991533422,45.53755448730937,51.74250189045423,56.31859540562946,59.01264139558182,60.345844587310566,60.94153491411688,61.19468412709814,61.29989561191631,61.343212018302424,61.36097602761584,61.368249298344374,61.371225289162716,61.37244264054221,61.37294055215446,61.373144194878456,61.3732274819322,61.37326154492575,61.37327547606969,61.373281173646625,61.373283503847645,61.37328445685552,61.37328484661759,61.37328500602282,61.37328507121653,61.3732850978795,NaN,NaN,NaN,NaN,NaN,NaN,NaN,NaN,NaN,NaN,NaN,NaN,NaN,NaN,NaN,NaN,NaN,NaN,NaN,NaN,NaN,NaN,NaN,NaN,NaN,NaN,NaN,NaN,NaN,NaN,NaN,NaN,NaN,NaN,NaN,NaN,NaN,NaN,NaN,NaN,NaN,NaN,NaN,NaN,NaN,NaN,NaN,NaN,NaN,NaN,NaN,NaN,NaN,NaN,NaN,NaN,NaN,NaN,NaN,NaN,NaN,NaN
63.8706811670162,37.178916073675765,0.5988382455168355,2.8919347421599997,22.134147483789363,26.87530028746332,32.32460049409362,38.29969877804155,44.40173260939338,50.060307809672615,54.74214803926838,58.19485240117648,60.50118024513687,61.93197572454502,62.77678319232497,63.26055465961176,63.53262938338853,63.68407505721609,63.76788758125042,63.81412152747474,63.839580360070386,63.85358554459138,63.861285779716184,63.865518209483206,63.867844181055965,63.86912232553538,63.86982464387424,63.870210545192876,63.870422582377365,63.87053908728783,63.87060310121531,63.870638273747865,63.870657599313574,63.87066821774745,NaN,NaN,NaN,NaN,NaN,NaN,NaN,NaN,NaN,NaN,NaN,NaN,NaN,NaN,NaN,NaN,NaN,NaN,NaN,NaN,NaN,NaN,NaN,NaN,NaN,NaN,NaN,NaN,NaN,NaN,NaN,NaN,NaN,NaN,NaN,NaN,NaN,NaN,NaN,NaN,NaN,NaN,NaN,NaN,NaN,NaN,NaN,NaN,NaN,NaN,NaN,NaN,NaN,NaN,NaN,NaN,NaN,NaN,NaN,NaN,NaN
69.6239597999913,33.224815723831384,0.4326178315060032,3.1050224962600717,25.522624570545755,29.11508889373219,33.08756584282659,37.398504736914504,41.95484143221641,46.602042662013844,51.13106119253052,55.31156676424565,58.94622374524843,61.920984720527414,64.22331664447654,65.92235806866421,67.1296958765702,67.96367786935863,68.5281799192441,68.90492574370123,69.15396664673128,69.31753911111383,69.424520391892,69.49429454554488,69.5397189275261,69.56925593756952,69.58844737110947,69.60091056600223,69.60900169460997,69.61425335261107,69.61766154253773,69.61987317119802,69.62130824872689,69.62223940403479,69.62284357276454,NaN,NaN,NaN,NaN,NaN,NaN,NaN,NaN,NaN,NaN,NaN,NaN,NaN,NaN,NaN,NaN,NaN,NaN,NaN,NaN,NaN,NaN,NaN,NaN,NaN,NaN,NaN,NaN,NaN,NaN,NaN,NaN,NaN,NaN,NaN,NaN,NaN,NaN,NaN,NaN,NaN,NaN,NaN,NaN,NaN,NaN,NaN,NaN,NaN,NaN,NaN,NaN,NaN,NaN,NaN,NaN,NaN,NaN,NaN,NaN
100.6550881028856,81.63026906176745,0.25289755691881527,3.522586105104911,30.85634976887187,33.11114367354847,35.5180585606596,38.0826771232997,40.80900844308721,43.69876065290579,46.75042887849484,49.958197483345614,53.31069072162788,56.78966330016053,60.36880357755983,64.01291850387189,67.67785434259086,71.31153212938342,74.85638016943132,78.25318446133471,81.44597560407806,84.38715248586502,87.04180611737459,89.39031294974954,91.42871809737844,93.16703835221242,94.62611670738035,95.83387311439893,96.82170996802834,97.62156583502626,98.26381611725184,98.77599413625435,99.18218179165306,99.50288000177923,99.75518315711041,99.95311920723692,NaN,NaN,NaN,NaN,NaN,NaN,NaN,NaN,NaN,NaN,NaN,NaN,NaN,NaN,NaN,NaN,NaN,NaN,NaN,NaN,NaN,NaN,NaN,NaN,NaN,NaN,NaN,NaN,NaN,NaN,NaN,NaN,NaN,NaN,NaN,NaN,NaN,NaN,NaN,NaN,NaN,NaN,NaN,NaN,NaN,NaN,NaN,NaN,NaN,NaN,NaN,NaN,NaN,NaN,NaN,NaN,NaN,NaN,NaN
208.0135946686431,356.5551687623092,0.19333508313181205,3.004354223606768,31.338069651396776,33.41298503194681,35.62346163217942,37.97782454096236,40.48475430849657,43.15325440122969,45.99260109309006,49.01227070876519,52.2218379730035,55.63083790808733,59.24858231008347,63.08392042922205,67.14493227174292,71.43854224361584,75.97004115175261,80.74250655731946,85.7561160661818,91.0073564833605,96.48814508123156,102.18489856506378,108.07761096974204,114.13903247772905,120.3340733131704,126.61958341195295,132.94466901815238,139.2516892396088,145.47801813060443,151.55855774735775,157.42885504478988,163.02853695842884,168.30467210783692,173.2146324614115,177.72808526812415,NaN,NaN,NaN,NaN,NaN,NaN,NaN,NaN,NaN,NaN,NaN,NaN,NaN,NaN,NaN,NaN,NaN,NaN,NaN,NaN,NaN,NaN,NaN,NaN,NaN,NaN,NaN,NaN,NaN,NaN,NaN,NaN,NaN,NaN,NaN,NaN,NaN,NaN,NaN,NaN,NaN,NaN,NaN,NaN,NaN,NaN,NaN,NaN,NaN,NaN,NaN,NaN,NaN,NaN,NaN,NaN,NaN,NaN
208.01409012575243,356.5552347947502,0.19922863287940804,2.963406009255894,30.58971257583485,32.70865397892335,34.9724269695392,37.3903404263991,39.97212183674801,42.72787901071418,45.66803997165817,48.8032644630078,52.14431896745876,55.70190539164378,59.48643170743008,63.50771102474554,67.77457409666822,72.29437961186751,77.07240755514674,82.11112447231915,87.40931705535523,92.9611037211238,98.75485444235396,104.7720780917885,110.98637356248528,117.36258269127813,123.85632208066309,130.4140948295979,136.97417549066407,143.46840584715207,149.8249264070626,155.97170645608568,161.84055432214132,167.37113900571867,172.5144886258301,177.2354851064617,181.51404412031482,185.3449085541384,NaN,NaN,NaN,NaN,NaN,NaN,NaN,NaN,NaN,NaN,NaN,NaN,NaN,NaN,NaN,NaN,NaN,NaN,NaN,NaN,NaN,NaN,NaN,NaN,NaN,NaN,NaN,NaN,NaN,NaN,NaN,NaN,NaN,NaN,NaN,NaN,NaN,NaN,NaN,NaN,NaN,NaN,NaN,NaN,NaN,NaN,NaN,NaN,NaN,NaN,NaN,NaN,NaN,NaN,NaN,NaN,NaN
369.0000467009936,37747.6168293703,0.27671709244816933,4.095053594072216,30.109711737356562,32.214560709187325,34.46652133419848,36.87586322862017,39.45356786647686,42.211375847357026,45.161836443298604,48.31835916366274,51.69526688661573,55.307849832289776,59.17241926185151,63.306359231129655,67.72817394119805,72.45752712020202,77.51526831559651,82.92343880369131,88.7052468058151,94.88499753746294,101.48795792503192,108.54012813556042,116.06788184719981,124.09742392376616,132.65399751827434,141.760752845541,151.4371683942679,161.69689605405046,172.54489258659692,183.97371583242324,195.9589290287169,208.45370469210107,221.3829896163177,234.63801005587678,248.07243382003742,261.50202556581434,274.70983733364903,NaN,NaN,NaN,NaN,NaN,NaN,NaN,NaN,NaN,NaN,NaN,NaN,NaN,NaN,NaN,NaN,NaN,NaN,NaN,NaN,NaN,NaN,NaN,NaN,NaN,NaN,NaN,NaN,NaN,NaN,NaN,NaN,NaN,NaN,NaN,NaN,NaN,NaN,NaN,NaN,NaN,NaN,NaN,NaN,NaN,NaN,NaN,NaN,NaN,NaN,NaN,NaN,NaN,NaN,NaN,NaN
369.00005431909074,37747.61682938759,0.28057714892353297,4.069979504427168,29.67656493940469,31.794493221879716,34.06354096325823,36.494478032135625,39.09883644693275,41.88896205418543,44.87806875987204,48.080295022103904,51.510762095365884,55.18563320106258,59.122172345983884,63.33880086278669,67.85514882557138,72.69209718924925,77.87180466226869,83.417710741986,89.35450274321994,95.70802966858454,102.50513893934689,109.77340276478307,117.54068865153542,125.83451266635085,134.68109429252945,144.1040086036416,154.12230731474818,164.74796070284987,175.9824688100168,187.81252299989387,200.20469964557205,213.09937912435757,226.40444823444105,239.98987561711118,253.684874318561,267.2798528896858,280.5352931470244,293.1986102931257,NaN,NaN,NaN,NaN,NaN,NaN,NaN,NaN,NaN,NaN,NaN,NaN,NaN,NaN,NaN,NaN,NaN,NaN,NaN,NaN,NaN,NaN,NaN,NaN,NaN,NaN,NaN,NaN,NaN,NaN,NaN,NaN,NaN,NaN,NaN,NaN,NaN,NaN,NaN,NaN,NaN,NaN,NaN,NaN,NaN,NaN,NaN,NaN,NaN,NaN,NaN,NaN,NaN,NaN,NaN
369.00005975952195,37747.6168293963,0.2846952515297709,4.040500069643267,29.165536922980564,31.294591886113253,33.57903398249171,36.03019046520531,38.66020853871854,41.482112250118504,44.50986226983662,47.75841823518156,51.24380307805516,54.98316839159152,58.9948593606331,63.298477019534964,67.91493451179124,72.86650247553615,78.17683648188834,83.87097635606395,89.9753028732155,96.51743129371398,103.52601291707155,111.03040460799755,119.06015134566393,127.64420764109595,136.809800007694,146.58080561330604,156.97549537723197,168.00347141067513,179.66163506773785,191.9290809304692,204.76096589485854,218.08170337773146,231.7783228664989,245.6954990349568,259.63444050867224,273.35817343587837,286.60521690432233,299.1117772352203,310.63955061209697,NaN,NaN,NaN,NaN,NaN,NaN,NaN,NaN,NaN,NaN,NaN,NaN,NaN,NaN,NaN,NaN,NaN,NaN,NaN,NaN,NaN,NaN,NaN,NaN,NaN,NaN,NaN,NaN,NaN,NaN,NaN,NaN,NaN,NaN,NaN,NaN,NaN,NaN,NaN,NaN,NaN,NaN,NaN,NaN,NaN,NaN,NaN,NaN,NaN,NaN,NaN,NaN,NaN,NaN
369.0000708610159,37747.61682942384,0.2853838245757751,4.035109896819435,29.071792905887612,31.202264477234475,33.48883174321291,35.942917900722826,38.57677626803154,41.40354811072811,44.43732341916457,47.69320430470797,51.18737042406088,54.937145464996554,58.961063183066486,63.278930696591665,67.91188562742383,72.88244207920349,78.21451818161165,83.93343473629068,90.06587002477086,96.63974961684553,103.68404146089095,111.22841494177368,119.30270720081329,127.9361201918907,137.1560475775381,146.98640281541918,157.4452925037968,168.54186109479375,180.2721416470611,192.61381183618332,205.51991899516293,218.91195630553744,232.67318590351937,246.6437911925394,260.6201314125549,274.360678378963,287.6005759552071,300.07474426526363,311.54629333067004,321.8340024132533,NaN,NaN,NaN,NaN,NaN,NaN,NaN,NaN,NaN,NaN,NaN,NaN,NaN,NaN,NaN,NaN,NaN,NaN,NaN,NaN,NaN,NaN,NaN,NaN,NaN,NaN,NaN,NaN,NaN,NaN,NaN,NaN,NaN,NaN,NaN,NaN,NaN,NaN,NaN,NaN,NaN,NaN,NaN,NaN,NaN,NaN,NaN,NaN,NaN,NaN,NaN,NaN,NaN
369.0001004842321,37747.616829495455,0.2860390876554229,4.029531432463723,28.974417632589,31.105855673460745,33.39405612900438,35.85053477003467,38.487647417549574,41.31864868944652,44.357753760784846,47.6202027992818,51.12232747373548,54.8816185481227,58.91679301671177,63.247858432938266,67.89617093480435,72.88448182940171,78.23696527104377,83.97921628061432,90.13820374337008,96.74215660904287,103.82035269395618,111.40276752455381,119.51952478943214,128.20006954268382,137.4719602348912,147.35914721758957,157.87957769649785,169.04194959385399,180.8414475906712,193.25436471721312,206.23168815813113,219.69206369062684,233.51508983308685,247.53660074486078,261.5482905624863,275.3042979443308,288.5366277140882,300.97912263537364,312.39643129181786,322.61144269760655,331.52389770906717,NaN,NaN,NaN,NaN,NaN,NaN,NaN,NaN,NaN,NaN,NaN,NaN,NaN,NaN,NaN,NaN,NaN,NaN,NaN,NaN,NaN,NaN,NaN,NaN,NaN,NaN,NaN,NaN,NaN,NaN,NaN,NaN,NaN,NaN,NaN,NaN,NaN,NaN,NaN,NaN,NaN,NaN,NaN,NaN,NaN,NaN,NaN,NaN,NaN,NaN,NaN,NaN
369.00012865747516,37747.61682954679,0.2885717760064214,4.006026673489088,28.5631314308077,30.696487530549646,32.98914961503664,35.452999537699476,38.100799220528664,40.94625317069762,44.00407427112094,47.290052484955936,50.82112582598417,54.61545252500629,58.6924827092171,63.07302702536555,67.77931836324996,72.83506101251318,78.26545898885844,84.09721158848602,90.35845905751665,97.07865405195527,104.28832462528239,112.01868100010512,120.30100050348042,129.165702114896,138.640994147153,148.7509474364688,159.51281738271737,170.93342305300146,183.0044127370329,195.69634020835824,208.95169821718213,222.6774659136955,236.73835854394068,250.9527565818143,265.0939758311874,278.89960283732086,292.09042302613864,304.3977149653543,315.59404950778577,325.5200317930845,334.09964646850057,341.34048853757895,NaN,NaN,NaN,NaN,NaN,NaN,NaN,NaN,NaN,NaN,NaN,NaN,NaN,NaN,NaN,NaN,NaN,NaN,NaN,NaN,NaN,NaN,NaN,NaN,NaN,NaN,NaN,NaN,NaN,NaN,NaN,NaN,NaN,NaN,NaN,NaN,NaN,NaN,NaN,NaN,NaN,NaN,NaN,NaN,NaN,NaN,NaN,NaN,NaN,NaN,NaN
369.00030774165737,37747.61682984303,0.2901450439861719,3.9900926930289353,28.283928406372045,30.417166062983643,32.711264422979326,35.178339096793586,37.83141191828107,40.68447597335663,43.75256408118695,47.05182035457794,50.59957416219692,54.414415368944,58.51626908035697,62.92646717468974,67.66781254834558,72.76463005277965,78.24279532192276,84.12972874634497,90.45433629543656,97.2468711326772,104.53867926842372,112.3617779739911,120.74819643520495,129.72898349057232,139.33275745143928,149.5836401035894,160.4983872551277,172.08251518300494,184.3252514839749,197.19325206941576,210.62328228724456,224.51452260982384,238.72185447980718,253.0523175475002,267.26758794258006,281.09522258964563,294.24988712256567,306.4626499750897,317.5126245371564,327.25284072812923,335.6231686112514,342.6474475561746,348.41741296763735,NaN,NaN,NaN,NaN,NaN,NaN,NaN,NaN,NaN,NaN,NaN,NaN,NaN,NaN,NaN,NaN,NaN,NaN,NaN,NaN,NaN,NaN,NaN,NaN,NaN,NaN,NaN,NaN,NaN,NaN,NaN,NaN,NaN,NaN,NaN,NaN,NaN,NaN,NaN,NaN,NaN,NaN,NaN,NaN,NaN,NaN,NaN,NaN,NaN,NaN
369.00031623973,37747.616829897015,0.28789309714603584,4.014665055014984,28.715980195482633,30.850754233711232,33.144197000776046,35.608087626330814,38.25507361176274,41.098732214863055,44.15363502617798,47.43541538200851,50.960837977570854,54.74786963222128,58.81574956099033,63.18505664385515,67.87776994476947,72.91731696048788,78.3286015581989,84.137999994115,90.37330839240563,97.06361807938305,104.23908554669089,111.93055077023931,120.16894030732401,128.98436938010616,138.40483004266883,148.45432215746413,159.1502552505047,170.4999334752599,182.49595406652796,195.1104373490734,208.28821509187142,221.93949288559713,235.9331071122722,250.09226410945695,264.19533882157924,277.9844345545961,291.1833399049673,303.5239280547398,314.7764994455185,324.7767728812145,333.44216819012195,340.7733328684468,346.8419531093608,351.7699960126696,NaN,NaN,NaN,NaN,NaN,NaN,NaN,NaN,NaN,NaN,NaN,NaN,NaN,NaN,NaN,NaN,NaN,NaN,NaN,NaN,NaN,NaN,NaN,NaN,NaN,NaN,NaN,NaN,NaN,NaN,NaN,NaN,NaN,NaN,NaN,NaN,NaN,NaN,NaN,NaN,NaN,NaN,NaN,NaN,NaN,NaN,NaN,NaN,NaN
369.00022048623646,37747.61682983221,0.2836774189784797,4.063441615726286,29.57903388719661,31.71770564114318,34.010979465367896,36.47001793099126,39.1067838735712,41.93409534853728,44.96568332811102,48.216251816674884,51.70153981823542,55.43838423640126,59.44478227791952,63.73995120020912,68.3443822003259,73.2798837604109,78.56960766747986,84.23804797373182,90.31099903506646,96.81545303655663,103.77940954636551,111.23155898821351,119.2007877855564,127.71543470009908,136.8022053834778,146.48462629957126,156.7808931798325,167.70095059149276,179.24264287054675,191.3868283331285,204.09148748485282,217.28513144435814,230.86027170284433,244.66833973596303,258.5181158341961,272.1801154303678,285.3989793269675,297.9142604724306,309.4871592246354,319.92774597567256,329.115757810898,337.00947255764464,343.64108212686034,349.1013691967149,353.5191208485945,NaN,NaN,NaN,NaN,NaN,NaN,NaN,NaN,NaN,NaN,NaN,NaN,NaN,NaN,NaN,NaN,NaN,NaN,NaN,NaN,NaN,NaN,NaN,NaN,NaN,NaN,NaN,NaN,NaN,NaN,NaN,NaN,NaN,NaN,NaN,NaN,NaN,NaN,NaN,NaN,NaN,NaN,NaN,NaN,NaN,NaN,NaN,NaN
389.9997816519269,34.45884601129351,0.10924475754782685,1.2894957598249641,26.604557464629266,28.8756787435072,31.330914117790517,33.98319640554777,36.84596071598429,39.933075819709835,43.25875273729211,46.8374271117105,50.68361187354442,54.81171680748238,59.23583194046324,63.96947225774691,69.02528217945022,74.41469956096947,80.14758077109418,86.23179068596757,92.67276421582338,99.47304920537051,106.63184410265673,114.14454748014818,122.00234003239471,130.19182269779586,138.6947366195201,147.4877913013555,156.54262607956593,165.8259265684728,175.29971186931573,184.9218001368908,194.6464499631061,204.42516366996392,214.20762699679307,223.9427489882737,233.5797573397246,243.06929908187715,252.36449501185234,261.4218989682075,270.20231966177107,278.67147258611794,286.80044145145246,294.56594132959225,301.95038798322634,308.9417885757854,315.5334773223316,321.7237252199465,NaN,NaN,NaN,NaN,NaN,NaN,NaN,NaN,NaN,NaN,NaN,NaN,NaN,NaN,NaN,NaN,NaN,NaN,NaN,NaN,NaN,NaN,NaN,NaN,NaN,NaN,NaN,NaN,NaN,NaN,NaN,NaN,NaN,NaN,NaN,NaN,NaN,NaN,NaN,NaN,NaN,NaN,NaN,NaN,NaN,NaN,NaN
389.99967042041726,34.46002700780825,0.10866794479246421,1.2953063520152819,26.914633871181696,29.18899226964314,31.6458381899144,34.29784881554911,37.15818455751016,40.24042180279635,43.55846371071434,47.12642578357254,50.958492887339,55.06874449449264,59.470945217843344,64.1782982588169,69.20316026840374,74.55671737406531,80.2486238131023,86.28660676536208,92.67604359753457,99.41952077375261,106.51638704812115,113.96231705550964,121.74890479679128,129.8633094322096,138.28797784414547,147.00046916643475,155.9734054757373,165.17456975789224,174.56716691337218,184.11025599633805,193.7593524214939,203.46718815460397,213.184606829478,222.86156039324825,232.4481654069534,241.89577153586526,251.15799278717517,260.19165401337744,268.9576109432402,277.421410913633,285.5537725745107,293.33087493478536,300.7344579868437,307.7517477103592,314.37522669994206,320.6022775147353,326.4347289883436,NaN,NaN,NaN,NaN,NaN,NaN,NaN,NaN,NaN,NaN,NaN,NaN,NaN,NaN,NaN,NaN,NaN,NaN,NaN,NaN,NaN,NaN,NaN,NaN,NaN,NaN,NaN,NaN,NaN,NaN,NaN,NaN,NaN,NaN,NaN,NaN,NaN,NaN,NaN,NaN,NaN,NaN,NaN,NaN,NaN,NaN
389.9996443866938,34.460137631696085,0.1087929871654427,1.2941312722613654,26.851823692203958,29.125726134938837,31.58247449052051,34.23480034463304,37.0959224573427,40.17947920326194,43.49943888280786,47.0699845975078,50.90537032999239,55.019744966752725,59.4269413015935,64.14022761913607,69.17202034339545,74.53355750761432,80.23453451055707,86.28270580468876,92.68345881462525,99.43936946491358,106.54975209772925,114.0102201013742,121.81227698413622,129.94296056782548,138.38456502716087,147.11446621714688,156.1050746800166,165.3239375606962,174.73400520156565,184.29407048571883,193.9593793948399,203.68240039185235,213.41372905128983,223.10309394639788,232.7004213092823,242.15691043200968,251.4260699041299,260.4646668963986,269.2335476282302,277.69829625957465,285.8297107228528,293.60408624616525,301.00330928015177,308.0147751406902,314.6311511090283,320.85001252770724,326.6733824848008,332.1072061849775,NaN,NaN,NaN,NaN,NaN,NaN,NaN,NaN,NaN,NaN,NaN,NaN,NaN,NaN,NaN,NaN,NaN,NaN,NaN,NaN,NaN,NaN,NaN,NaN,NaN,NaN,NaN,NaN,NaN,NaN,NaN,NaN,NaN,NaN,NaN,NaN,NaN,NaN,NaN,NaN,NaN,NaN,NaN,NaN,NaN
389.9996189422766,34.46023549891549,0.10895408333573446,1.2941672730894063,26.857001794854938,29.134764625563772,31.595954886079138,34.253362401688804,37.120266739326524,40.210369032415166,43.53770146035621,47.116511040745145,50.96111434048696,55.08571981224652,59.50421476861701,64.22991457810025,69.27527256808831,74.65155041259139,80.36845051940013,86.43371414610391,92.85269166773816,99.62789454402004,106.7585419812233,114.24011886611909,122.06396499569901,130.21691858219032,138.68103905665816,147.4334348713785,156.44622087571807,165.68662656585124,175.11727090583136,184.69661154863476,194.37956650884226,204.11829532309244,213.86311542473712,223.56351898077443,233.16924695516866,242.63137170173567,251.90333767765537,260.9419121988959,269.7080043320595,278.16731936489936,286.29082778686313,294.0550401066772,301.4420908868857,308.4396459950374,315.04065545543926,321.2429799860888,327.04892223099534,332.46469406212486,337.4998495608054,NaN,NaN,NaN,NaN,NaN,NaN,NaN,NaN,NaN,NaN,NaN,NaN,NaN,NaN,NaN,NaN,NaN,NaN,NaN,NaN,NaN,NaN,NaN,NaN,NaN,NaN,NaN,NaN,NaN,NaN,NaN,NaN,NaN,NaN,NaN,NaN,NaN,NaN,NaN,NaN,NaN,NaN,NaN,NaN
389.9995910060388,34.46033485741347,0.10960837652017266,1.2844318940980242,26.33075988099176,28.595526416583148,31.04530815186301,33.69321158377491,36.552860271817124,39.63832556077169,42.96403397566718,46.54464774053793,50.394914810167556,54.52948490375059,58.96268834914404,63.70827515118189,68.77911265635817,74.18684156632767,79.94149191133668,86.05106296758626,92.52107398946104,99.35409597592893,106.54927837820578,114.10188847690526,122.00288481286579,130.23854915847016,138.79020360637253,147.63403993844798,156.74108705479406,166.07733853015165,175.60405615260683,185.27825668628194,195.0533785103907,204.88011298205498,214.7073733985582,224.48336352318248,234.15669902988446,243.67752998459534,252.99861133059676,262.07627151400254,270.87123656931743,279.3492773872782,287.4816603443931,295.24539464145226,302.6232822551539,309.603787235292,316.18074939357973,322.3529728317453,328.1237222256573,333.50015960959234,338.4927520942456,343.1146771146583,NaN,NaN,NaN,NaN,NaN,NaN,NaN,NaN,NaN,NaN,NaN,NaN,NaN,NaN,NaN,NaN,NaN,NaN,NaN,NaN,NaN,NaN,NaN,NaN,NaN,NaN,NaN,NaN,NaN,NaN,NaN,NaN,NaN,NaN,NaN,NaN,NaN,NaN,NaN,NaN,NaN,NaN,NaN
389.9995910060388,34.46033485741347,0.10960837652017266,1.2844318940980242,26.33075988099176,28.595526416583148,31.04530815186301,33.69321158377491,36.552860271817124,39.63832556077169,42.96403397566718,46.54464774053793,50.394914810167556,54.52948490375059,58.96268834914404,63.70827515118189,68.77911265635817,74.18684156632767,79.94149191133668,86.05106296758626,92.52107398946104,99.35409597592893,106.54927837820578,114.10188847690526,122.00288481286579,130.23854915847016,138.79020360637253,147.63403993844798,156.74108705479406,166.07733853015165,175.60405615260683,185.27825668628194,195.0533785103907,204.88011298205498,214.7073733985582,224.48336352318248,234.15669902988446,243.67752998459534,252.99861133059676,262.07627151400254,270.87123656931743,279.3492773872782,287.4816603443931,295.24539464145226,302.6232822551539,309.603787235292,316.18074939357973,322.3529728317453,328.1237222256573,333.50015960959234,338.4927520942456,343.1146771146583,347.3812470623567,NaN,NaN,NaN,NaN,NaN,NaN,NaN,NaN,NaN,NaN,NaN,NaN,NaN,NaN,NaN,NaN,NaN,NaN,NaN,NaN,NaN,NaN,NaN,NaN,NaN,NaN,NaN,NaN,NaN,NaN,NaN,NaN,NaN,NaN,NaN,NaN,NaN,NaN,NaN,NaN,NaN,NaN
389.9995910060388,34.46033485741347,0.10960837652017266,1.2844318940980242,26.33075988099176,28.595526416583148,31.04530815186301,33.69321158377491,36.552860271817124,39.63832556077169,42.96403397566718,46.54464774053793,50.394914810167556,54.52948490375059,58.96268834914404,63.70827515118189,68.77911265635817,74.18684156632767,79.94149191133668,86.05106296758626,92.52107398946104,99.35409597592893,106.54927837820578,114.10188847690526,122.00288481286579,130.23854915847016,138.79020360637253,147.63403993844798,156.74108705479406,166.07733853015165,175.60405615260683,185.27825668628194,195.0533785103907,204.88011298205498,214.7073733985582,224.48336352318248,234.15669902988446,243.67752998459534,252.99861133059676,262.07627151400254,270.87123656931743,279.3492773872782,287.4816603443931,295.24539464145226,302.6232822551539,309.603787235292,316.18074939357973,322.3529728317453,328.1237222256573,333.50015960959234,338.4927520942456,343.1146771146583,347.3812470623567,351.30937007080973,NaN,NaN,NaN,NaN,NaN,NaN,NaN,NaN,NaN,NaN,NaN,NaN,NaN,NaN,NaN,NaN,NaN,NaN,NaN,NaN,NaN,NaN,NaN,NaN,NaN,NaN,NaN,NaN,NaN,NaN,NaN,NaN,NaN,NaN,NaN,NaN,NaN,NaN,NaN,NaN,NaN
634.0000197358456,191464.14199848933,0.25168502372592305,4.058798920384338,33.699796713109585,35.855646605196426,38.14940577074412,40.589894332060666,43.18649580886968,45.94919284733881,48.88860511947124,52.016029489228565,55.343482532279346,58.88374548043466,62.65041163711975,66.65793627318655,70.92168895826526,75.45800820521961,80.28425819527668,85.41888719700644,90.88148707712699,96.69285300282426,102.87504202369004,109.45142865567136,116.44675481463568,123.88717038970836,131.8002593085843,140.21504399963922,149.16195853114556,158.67277719181197,168.7804806019024,179.5190352894346,190.92305466885557,203.0272991534948,215.86596043234888,229.47165970999836,243.8740724642331,259.098074610425,275.1612903559717,292.0709170354977,309.81971796036675,328.3811279365758,347.703531154648,367.70397480751876,388.26189541572745,409.21385392494045,430.35073798684175,451.4192411631034,472.1294142909367,492.1694130083272,511.2270822735969,529.0159381066501,545.301134058932,559.9201177064348,572.7935820019126,NaN,NaN,NaN,NaN,NaN,NaN,NaN,NaN,NaN,NaN,NaN,NaN,NaN,NaN,NaN,NaN,NaN,NaN,NaN,NaN,NaN,NaN,NaN,NaN,NaN,NaN,NaN,NaN,NaN,NaN,NaN,NaN,NaN,NaN,NaN,NaN,NaN,NaN,NaN,NaN
1025.9999506078798,92.27296920178452,0.08782906105168822,1.2670097166526626,30.638400692981506,32.80980072004334,35.13239697497221,37.61626619208306,40.272081197304715,43.111133351920444,46.145353491730496,49.387330813623606,52.85032907012906,56.54829933118647,60.49588846106976,64.70844233743053,69.20200270955364,73.99329645551263,79.09971585512217,84.53928835051305,90.3306341230757,96.49290968010473,103.04573552402397,110.00910588073239,117.40327840257684,125.24864174909673,133.5655590005848,142.3741849933354,151.69425590066416,161.54484974101328,171.94411699457336,182.90898117264615,194.45481002629126,206.59505911432058,219.3408906791082,232.70077219455493,246.6800605320061,261.280579397358,276.50019946588526,292.33243239806205,308.7660515549278,325.78475362006566,343.3668763361497,361.48518802905494,380.10676437747054,399.19296686506016,418.69953543452596,438.5768050092312,458.77005178597295,479.2199706376863,499.8632797852141,520.6334433688171,541.4614970025758,562.2769561979651,583.0087830742145,603.586383381451,NaN,NaN,NaN,NaN,NaN,NaN,NaN,NaN,NaN,NaN,NaN,NaN,NaN,NaN,NaN,NaN,NaN,NaN,NaN,NaN,NaN,NaN,NaN,NaN,NaN,NaN,NaN,NaN,NaN,NaN,NaN,NaN,NaN,NaN,NaN,NaN,NaN,NaN,NaN
1025.9999465203605,92.27315157667715,0.09068096845597946,1.2365404281227965,28.16314102741306,30.278830284453353,32.55071313559435,34.989839987070766,37.6079588318201,40.41754433877439,43.431825306916615,46.66480978988975,50.13130707323275,53.8469455482833,57.82818537427347,62.09232465350952,66.6574976648365,71.54266350983256,76.76758332754225,82.35278403172123,88.31950632603761,94.6896345661609,101.48560587443791,108.73029578708103,116.44687764285494,124.65865292689037,133.38884988757314,142.66038797562183,152.49560604202412,162.91595280623218,173.94163889812887,185.5912508139358,197.88132842825752,210.82590928227086,224.4360447169626,238.71929501523923,253.6792130071412,269.3148279975925,285.62014428216935,302.5836707752751,320.188000207584,338.40945775226044,357.21783959711496,376.5762616833247,396.44113739973835,416.7623003281102,437.4832841316883,458.5417664229367,479.8701771096244,501.3964645984982,523.0450057411673,544.7376380330329,566.3947858638663,587.9366471020363,609.2844024433884,630.3614081217363,651.0943329500483,NaN,NaN,NaN,NaN,NaN,NaN,NaN,NaN,NaN,NaN,NaN,NaN,NaN,NaN,NaN,NaN,NaN,NaN,NaN,NaN,NaN,NaN,NaN,NaN,NaN,NaN,NaN,NaN,NaN,NaN,NaN,NaN,NaN,NaN,NaN,NaN,NaN,NaN
1026.000026045936,92.27376190999298,0.09428809627300135,1.194236063628522,24.86921354191927,26.88610095887102,29.063796769593196,31.414608905640172,33.95169195108044,36.68908746290141,39.64176262439791,42.82564631084052,46.25766146691932,49.955752492915344,53.93890611078265,58.22716393267955,62.84162468448728,67.80443374857977,73.13875738867544,78.86873871271169,85.01943212823024,91.6167127634875,98.68715708565973,106.25789076946681,114.35639978523754,123.01030072064259,132.24706656638455,142.09370462925523,152.57638393558645,163.72001050430032,175.5477502483574,188.08050104476533,201.33631771959688,215.3297963256047,230.07142711370088,245.56692894213143,261.8165814053021,278.81457451916975,296.54839913622334,314.9983040925489,334.13684808534435,353.92857509775894,374.32984150045667,395.28882049235256,416.7457051228955,438.63312473515873,460.8767814327212,483.3963034539348,506.1063016825575,528.917604649944,551.7386371174391,574.4768985236421,597.0404910285021,619.3396432105001,641.2881750554612,662.8048527989171,683.814588218271,704.2494455994118,NaN,NaN,NaN,NaN,NaN,NaN,NaN,NaN,NaN,NaN,NaN,NaN,NaN,NaN,NaN,NaN,NaN,NaN,NaN,NaN,NaN,NaN,NaN,NaN,NaN,NaN,NaN,NaN,NaN,NaN,NaN,NaN,NaN,NaN,NaN,NaN,NaN
1112.0000334910196,100.09122720795537,0.09742667310513106,1.1435016800501407,21.35929878841442,23.236241404660536,25.27563151825624,27.49103802442529,29.89706657705007,32.509419617526675,35.344955879663374,38.42174832707364,41.75913923954895,45.37779088902685,49.299729931839686,53.5483832907247,58.148602907796615,63.12667632054933,68.51031955193308,74.32864832125946,80.61212308839806,87.39246295853795,94.70252302484135,102.57612934602044,111.04786548898849,120.15280446716288,129.92618003693696,140.40299175211783,151.61753900019266,163.6028805404911,176.39021791601843,190.00820359089457,204.48217782531196,219.8333421557051,236.07788186416946,253.22605489496348,271.28127012072065,290.23918339553035,310.0868450762509,330.8019371758395,352.3521414925486,374.69468136652955,397.7760786085277,421.532163181462,445.8883661315627,470.7603160539107,496.0547463454263,521.6707052974419,547.5010446876767,573.4341461850067,599.3558299602556,625.1513777715098,650.7075946508695,675.914830007436,700.6688808630496,724.8727069156655,748.4378985355078,771.2858535742798,793.3486356599473,NaN,NaN,NaN,NaN,NaN,NaN,NaN,NaN,NaN,NaN,NaN,NaN,NaN,NaN,NaN,NaN,NaN,NaN,NaN,NaN,NaN,NaN,NaN,NaN,NaN,NaN,NaN,NaN,NaN,NaN,NaN,NaN,NaN,NaN,NaN,NaN
1330.0000277561173,119.90936031745576,0.1002147862333255,1.0787660245334694,17.1173484183429,18.76696170872301,20.57363538751834,22.551920897225152,24.717633451797724,27.087943999651085,29.68147401071823,32.518392215426715,35.62051214442912,39.011388985765805,42.716413884630505,46.762903354179535,51.18018093887246,55.99964767120581,61.25483718742519,66.98145062054083,73.21736557751156,80.00261264649185,87.37931199324207,95.3915617282421,104.08526890667149,113.5079133275846,123.70823381028231,134.73582644908836,146.640644606712,159.47239124362295,173.27979575228875,188.1097699312732,204.0064412466554,221.0100662105743,239.15583262977782,258.47256662935877,278.98136861191574,300.69421139671795,323.6125432503991,347.725947736952,373.0109204676908,399.4298289650925,426.9301249379426,455.44387730040336,484.8876884231133,515.1630448684497,546.1571371900881,577.7441618061483,609.7870926560497,642.1398830914873,674.650031459991,707.1614195730878,739.5173140982879,771.5634088722644,803.15078252049,834.1386510267637,864.3968085145245,893.807670091307,922.2678560998019,949.689285058252,NaN,NaN,NaN,NaN,NaN,NaN,NaN,NaN,NaN,NaN,NaN,NaN,NaN,NaN,NaN,NaN,NaN,NaN,NaN,NaN,NaN,NaN,NaN,NaN,NaN,NaN,NaN,NaN,NaN,NaN,NaN,NaN,NaN,NaN,NaN
1330.000072604752,119.90966642601128,0.10626480104582163,0.9910669228821429,11.716023215048986,13.028522695012267,14.486386803852092,16.10532340502976,17.902645991598163,19.897416278651058,22.11059429325306,24.56519499462712,27.286450000056103,30.30197242863503,33.641922189959935,37.33916822236166,41.42944321083445,45.95148517655981,50.94715902103016,56.461549629299945,62.54301650162448,69.24319811995973,76.61695241691488,84.72221787982834,93.61977810730892,103.37291119783684,114.04690439581792,125.70841420677715,138.42465302643612,152.26238555511398,167.28672225798968,183.55970324245843,201.13867445926644,220.07446927924246,240.40942224298013,262.17525783931404,285.3909148932252,310.0603854671876,336.170664591464,363.68992172676036,392.56601443906084,422.72546708680073,454.0730303914615,486.4919202093223,519.8448052599034,553.9755749026414,588.7118716339517,623.8683225119178,659.2503539440211,694.658430388619,729.892524440839,764.7566073797086,799.0629477572969,832.6360211815173,865.3158651818288,896.9607553050641,927.4491275765039,956.6807229928047,984.5769769497805,1011.0807165599027,1036.155259113912,NaN,NaN,NaN,NaN,NaN,NaN,NaN,NaN,NaN,NaN,NaN,NaN,NaN,NaN,NaN,NaN,NaN,NaN,NaN,NaN,NaN,NaN,NaN,NaN,NaN,NaN,NaN,NaN,NaN,NaN,NaN,NaN,NaN,NaN
1710.00000322548,24165.11570241758,0.194736483093788,2.0132679139926255,12.526846803892784,13.798988307133204,15.200302319817485,16.74389900761486,18.444217123916758,20.317157969579814,22.38023262938673,24.652723722738326,27.15586299436472,29.913026155492727,32.94994646234301,36.294948580599744,39.97920432262854,44.037011846371854,48.50609985417662,53.42795820346015,58.84819610831072,64.81692873058803,71.38919237584922,78.6253876506072,86.59174870706175,95.36083497400621,105.01203938527134,115.63210386065984,127.31562840346685,140.1655543219506,154.29359435419332,169.8205723950972,186.8766225420887,205.60118070713608,226.14268153218782,248.6578483958362,273.3104348895761,300.269242979086,329.7052081171186,361.78730882433376,396.67703469078043,434.52114350365935,475.4424715838615,519.5286532780507,566.8187820629965,617.2883329687912,670.833080894579,727.2532844520891,786.2400085674217,847.3660161280611,910.083984648472,973.7346673360523,1037.5668102725292,1100.7690811206085,1162.512126338953,1221.9966105742235,1278.5013629696423,1331.4251885530573,1380.3168081727447,1424.8895777284565,1465.0204668732806,1500.735427439735,NaN,NaN,NaN,NaN,NaN,NaN,NaN,NaN,NaN,NaN,NaN,NaN,NaN,NaN,NaN,NaN,NaN,NaN,NaN,NaN,NaN,NaN,NaN,NaN,NaN,NaN,NaN,NaN,NaN,NaN,NaN,NaN,NaN
1710.0000232630173,24165.11570265319,0.19810822915636553,1.952368288430402,10.76441781984858,11.913963484653998,13.186254217445635,14.594390659978709,16.152869697160362,17.877732569337034,19.78672845255408,21.89949503664676,24.237757751885752,26.82554941389867,29.68945216841132,32.85886371436997,36.36628985543066,40.247665460563546,44.542705883776094,49.29529077210642,54.553881941111314,60.37197656531937,66.80859624656932,73.92881149092462,81.80429961894988,90.51393198849804,100.14438340686628,110.79075246988617,122.5571759317236,135.55741263282476,149.91536244585913,165.76547249005105,183.2529657774756,202.53380572130393,223.77428286128432,247.15007732954328,272.8446121978342,301.04647029927406,331.9456037865564,365.7280280983812,402.5686712506164,442.6220626315033,486.0106171156141,532.8104314554095,583.0347949193626,636.6160536177819,693.3870642420127,753.0641880433487,815.2344965820184,879.3503840226809,944.7348287236988,1010.5998363128266,1076.0789673528245,1140.272420700697,1202.300391957384,1261.3581382396906,1316.7651744735463,1368.0017863987318,1414.7284480426824,1456.7870553090154,1494.1861234014334,1527.074379734343,1555.7081071337604,NaN,NaN,NaN,NaN,NaN,NaN,NaN,NaN,NaN,NaN,NaN,NaN,NaN,NaN,NaN,NaN,NaN,NaN,NaN,NaN,NaN,NaN,NaN,NaN,NaN,NaN,NaN,NaN,NaN,NaN,NaN,NaN
2979.000001648203,73341.48760329351,0.19377817066364875,2.022489542487262,12.884076070321015,14.17956850176527,15.605316716174416,17.174415370194787,18.901274871978554,20.80175336670798,22.89330188750271,25.195123959927685,27.728351065910665,30.51623549828962,33.58436226988778,36.960881879899986,40.67676588370831,44.76608735729643,49.26632849014087,54.218717674946575,59.66859858054,65.66583378399453,72.26524558356543,79.52709659323592,87.51761260269761,96.30954993298995,105.9828090735324,116.62509567841879,128.3326289323267,141.2108957420646,155.37544700171844,170.9527291000124,188.0809396066689,206.91089033048505,227.60685323108348,250.34735442420165,275.32586806059425,302.75134437191184,332.848483750852,365.8576404095947,402.0342040589155,441.64726559168884,484.9773230454505,532.31272856078,583.9445192543493,640.1592219822753,701.2291861061901,767.3999988040431,838.8746020037304,915.7938954834718,998.2139204481448,1086.080214122396,1179.2006338050946,1277.2188512515531,1379.5917228421092,1485.5746497830505,1594.2195441937477,1704.3897295157403,1814.7946908735673,1924.0449424925905,2030.7236923583316,2133.4682318434843,2231.051152986483,2322.4506234946116,NaN,NaN,NaN,NaN,NaN,NaN,NaN,NaN,NaN,NaN,NaN,NaN,NaN,NaN,NaN,NaN,NaN,NaN,NaN,NaN,NaN,NaN,NaN,NaN,NaN,NaN,NaN,NaN,NaN,NaN,NaN
2979.000002151368,73341.48760329481,0.20078373721284482,1.881149520594727,8.591131281156462,9.558808184476746,10.635476387503886,11.833410111353674,13.166265253334794,14.649234701100575,16.29922102734581,18.135028481795537,20.177576398392382,22.450136354108814,24.978595651744474,27.791749951795538,30.921628146388855,34.40385284831166,38.278040155252896,42.58824263555445,47.38343975510662,52.718080208041606,58.65268080151272,65.25448664163609,72.59819732401576,80.76676357944545,89.85225826888983,99.95682463275037,111.19370310295223,123.68833554739417,137.57954222077694,153.02076152808354,170.18133542236714,189.24781315220613,210.42523224860722,233.93831697666525,260.0325096167593,288.9747173045734,321.05361502587783,356.579292052095,395.88196335457445,439.3093891679419,487.22255687749606,539.9890856263194,597.973727567342,661.5252819738699,730.9592437475266,806.5356261402965,888.4316942801111,976.7098960337792,1071.2821456185363,1171.87282542679,1277.984349306385,1388.8706469428091,1503.5250597801169,1620.6892937359958,1738.888645279896,1856.4953619279208,1971.8169701551692,2083.200749911574,2189.1409306138075,2288.373336614101,2379.944057765397,2463.243878008194,2538.007045283626,NaN,NaN,NaN,NaN,NaN,NaN,NaN,NaN,NaN,NaN,NaN,NaN,NaN,NaN,NaN,NaN,NaN,NaN,NaN,NaN,NaN,NaN,NaN,NaN,NaN,NaN,NaN,NaN,NaN,NaN
2979.0000026024754,73341.48760329706,0.2020808822465442,1.8562639547533881,7.9488014738231625,8.862983528706122,9.88230010175908,11.018840449541226,12.286083361007217,13.69905665344221,15.27451489710777,17.031137423150398,18.98974889033486,21.1735649270274,23.60846562583007,26.323299948912098,29.35022440090413,32.72507964019268,36.487809023359084,40.68292340302708,45.36001681384226,50.57433796596987,56.387422693265705,62.86779263554477,70.09172541683989,78.14410133855556,87.11933103349246,97.12236748063808,108.2698040665322,120.69105773378224,134.529632328377,149.94445157674528,167.1112430760988,186.22394347011715,207.49607958946135,231.1620594937811,257.47827952175163,286.7239168560138,319.20122981140696,355.235128213398,395.1717025457259,439.3753130550476,488.22374141432437,542.1008052523459,601.3857447572016,666.43863668504,737.58111547414,815.071842539182,899.0765385458259,989.6330618587571,1086.6130447015246,1189.682991615426,1298.269384845202,1411.533923422974,1528.366025525058,1647.3994731438004,1767.0579564645088,1885.630064201958,2001.3684958084343,2112.6023371531737,2217.8470676858024,2315.8962341881943,2405.8820143506045,2487.298281271559,2559.987209078942,2624.0966759498724,NaN,NaN,NaN,NaN,NaN,NaN,NaN,NaN,NaN,NaN,NaN,NaN,NaN,NaN,NaN,NaN,NaN,NaN,NaN,NaN,NaN,NaN,NaN,NaN,NaN,NaN,NaN,NaN,NaN
2979.000003015325,73341.48760329952,0.20217593878755338,1.853594956693624,7.881664469996665,8.789953582594512,9.802910204222629,10.932594171097701,12.19245426832978,13.59748798149794,15.164419543462044,16.911898342833513,18.8607199833566,21.03407252637811,23.457810711892694,26.160761236922102,29.17506247174825,32.53654231176273,36.28513819020908,40.465363606545345,45.12682584383077,50.32479983763305,56.120863391224496,62.58359906846668,69.7893680821234,77.82316125522313,86.7795315612604,96.76361170115888,107.89221845457486,120.29504288491414,134.11592152569196,149.51417795821283,166.6660160862302,185.7659351171458,207.02812074431327,230.68774600914978,257.0020872523577,286.2513236403838,318.7388410281621,354.79080053176546,394.75465782450306,438.9962308943547,487.89481457186855,541.8357370639909,601.1996621407336,666.3478869214078,737.602910974855,815.2237171808537,899.3755846617646,990.0949320453285,1087.250730614473,1190.5054348466454,1299.2800310827013,1412.7293925041424,1529.735120961171,1648.9227729918568,1768.7081905561333,1887.3733789542962,2003.1665478161033,2114.4149782627997,2219.6352428705914,2317.6246600787786,2407.521261931949,2488.826031012492,2561.3886292140674,2625.3640369385153,2681.1509627517103,NaN,NaN,NaN,NaN,NaN,NaN,NaN,NaN,NaN,NaN,NaN,NaN,NaN,NaN,NaN,NaN,NaN,NaN,NaN,NaN,NaN,NaN,NaN,NaN,NaN,NaN,NaN,NaN
2979.0000030105543,73341.48760329971,0.20131752055203092,1.8717264970224292,8.344238796128522,9.29174595383786,10.346840104429877,11.521735814310253,12.830033793663224,14.286877982723126,15.909130361368366,17.71556545317512,19.727086703921902,21.96696714169544,24.461116971339024,27.2383810194461,30.330869225854343,33.77432367058707,37.6085259262634,41.87774882703864,46.631257033882605,51.92386103445623,57.81652941809926,64.37706437575062,71.68084533948414,79.8116454252394,88.86252477677107,98.93680389419013,110.14911838399033,122.62655404289652,136.5098574560193,151.954711914334,169.1330608651599,188.23445056101716,209.46734912270776,233.06037970375067,259.26337940823754,288.34816141496646,320.60881359460944,356.36131103139974,395.9421509996,439.7056370050354,488.0193457549094,541.2572138095811,599.7895923840558,663.9695625361754,734.1148157101478,810.4845396750804,893.2510767204856,982.4667173157679,1078.026924105217,1179.632563852861,1286.7552684310087,1398.6115916493948,1514.1527139397874,1632.0764468792067,1750.8665896197908,1868.860991533663,1984.344340503723,2095.655910714944,2201.2980493350024,2300.029766177337,2390.9322180199792,2473.438550819174,2547.32767557406,2612.6879160702065,2669.860443600263,2719.373465341109,NaN,NaN,NaN,NaN,NaN,NaN,NaN,NaN,NaN,NaN,NaN,NaN,NaN,NaN,NaN,NaN,NaN,NaN,NaN,NaN,NaN,NaN,NaN,NaN,NaN,NaN,NaN
2979.000002985239,73341.48760330005,0.1997580019669418,1.9068903640530033,9.291891311483173,10.318063321685639,11.457558176148758,12.722888670514727,14.127948609131291,15.68816500325305,17.42066696415785,19.344473094475244,21.48069936578259,23.852789670571934,26.486771451899823,29.411539043620323,32.65916759632928,36.26526071591171,40.26933519785183,44.71524649351148,49.65165878294719,55.13256373592083,61.217852194923196,67.97394307805277,75.4744737292614,83.80105567506574,93.04409919310565,103.30370914034076,114.69065296712438,127.32739954318772,141.3492240569411,156.90536944323821,174.16024805389733,193.29465797336374,214.50697568984387,238.01426975203137,264.05325735164257,292.8809960494229,324.77516454792215,360.0337379724908,398.9738033584799,441.9291896724026,489.2465052792916,541.2790891635959,598.3783006480922,660.8815141753596,729.0961805039847,803.2794069847811,883.6127555333592,970.1724255486847,1062.8957441045716,1161.5459582362594,1265.6786674516648,1374.61466979367,1487.4251676385654,1602.9356693970874,1719.753952847614,1836.3247236412747,1951.0091904966737,2062.1824806721643,2168.337085603882,2268.178007032195,2360.6960921547343,2445.210187967323,2521.3749655358015,2589.1576247354333,2648.791409182938,2700.715997858442,2745.5144659473503,NaN,NaN,NaN,NaN,NaN,NaN,NaN,NaN,NaN,NaN,NaN,NaN,NaN,NaN,NaN,NaN,NaN,NaN,NaN,NaN,NaN,NaN,NaN,NaN,NaN,NaN
2979.0000028811714,73341.48760330035,0.1987575746750384,1.9303313779504918,9.961168631658808,11.041468219039798,12.238922374591876,13.566234290264083,15.0374839459734,16.668277104901026,18.475910354518664,20.479553893678148,22.70045393647302,25.16215678750067,27.890756840355547,30.915170960769416,34.267441935971924,37.983073899461445,42.10140287052176,46.666005773031394,51.72515150743675,57.33229782745955,63.546637896920565,70.43370044086828,78.06600731593016,86.52379204831298,95.8957823435307,106.28004865052125,117.7849194173403,130.52996150959385,144.64702111536218,160.28131598818652,177.59256363500708,196.75612146183718,217.9641032141487,241.4264203799736,267.3716764569973,296.04781483177584,327.7223860613875,362.68225617333025,401.23252307452594,443.6943429165543,490.4012935066073,541.6938216132124,597.9112439635525,659.3807135876277,726.4025495369949,799.231396994946,878.0528879953927,962.9558722879609,1053.900944413294,1150.686943617066,1252.9183220958232,1359.977626504019,1471.00852384629,1584.9153704320781,1700.38473173751,1815.9320777667747,1929.9730506888732,2040.9138034967618,2147.2501684483004,2247.662383246336,2341.0920210700183,2426.7909329995878,2504.337532600441,2573.6219193117977,2634.8063646543906,2688.270432169322,2734.5502773911335,2774.280067164096,NaN,NaN,NaN,NaN,NaN,NaN,NaN,NaN,NaN,NaN,NaN,NaN,NaN,NaN,NaN,NaN,NaN,NaN,NaN,NaN,NaN,NaN,NaN,NaN,NaN
2979.0000022669146,73341.48760329984,0.19828800809387878,1.9416816501945124,10.296213565059098,11.403224041134278,12.629250953381844,13.987088123515665,15.490904022660716,17.15638924864294,19.000919746730766,21.04373742693959,23.30614999488733,25.811751989836544,28.586669212655416,31.659828927031008,35.063258427531906,38.83241478493478,43.00654879771947,47.62910639146247,52.74817090430017,58.41694986134699,64.69430995229898,71.64536395426171,79.34211324444877,87.86414926770313,97.29941678410161,107.74504081714049,119.30821781199393,132.10716940760977,146.27215417613417,161.94652835981475,179.28784061126706,198.46893746699664,219.67904505773842,243.12477751337428,269.0310026016375,297.6414691189563,329.21906707282005,364.0455494018063,402.4204917680163,444.6592044289658,491.08923841241904,542.0450508674686,597.8603195655498,658.8573386921113,725.3329112098982,797.5402129377902,875.666288802727,959.8052115777226,1049.9275473840553,1145.8476690430612,1247.1916204166405,1353.3695413831163,1463.5578461258374,1576.6969811169847,1691.510154069396,1806.5464792844978,1920.2484243516394,2031.038749080926,2137.4174248615586,2238.0558036024545,2331.8748421697605,2418.0969016785566,2496.2658091109565,2566.2358976836585,2628.1358667870304,2682.3163060148486,2729.290302406827,2769.6751853993655,2804.1410477644185,NaN,NaN,NaN,NaN,NaN,NaN,NaN,NaN,NaN,NaN,NaN,NaN,NaN,NaN,NaN,NaN,NaN,NaN,NaN,NaN,NaN,NaN,NaN,NaN
2979.000001473748,73341.48760329875,0.19777311284180527,1.9544290565750335,10.681127879578666,11.818532442727793,13.077050839990283,14.4695777387994,16.010380021930814,17.715242589955153,19.601629577268735,21.688862583786687,23.998317681306307,26.553643122423956,29.380999860335343,32.50932717887341,35.970635931870454,39.80033209626907,44.03757354952665,48.72566318155974,53.91248163429347,59.65096311289547,65.9996178110101,73.02310450860891,80.79285679526953,89.3877660888565,98.8949240851134,109.4104263868921,121.04023768759278,133.90111684184703,148.12159720927446,163.84301349139906,181.22056049050002,200.4243612788927,221.64051151456317,245.0720522494289,270.9398045503364,299.4829744227574,330.9594046031619,365.6453094716978,403.8342795619352,445.8352824842059,491.9693184507048,542.564314338601,597.9477677048161,658.4365948585215,724.3236171675953,795.8601705364268,873.23449016741,956.5458623692142,1045.77510505452,1140.7527789594421,1241.127632761629,1346.3390433163943,1455.5983858326886,1567.88496357058,1681.9618465956808,1796.415268443118,1909.7179552534333,2020.312300152391,2126.704660099405,2227.558663584341,2321.7745680289895,2408.543939056937,2487.3736912750755,2558.0793759118733,2620.752796183944,2675.71229219538,2723.444932535304,2764.54875789888,2799.680970901346,2829.515418432789,NaN,NaN,NaN,NaN,NaN,NaN,NaN,NaN,NaN,NaN,NaN,NaN,NaN,NaN,NaN,NaN,NaN,NaN,NaN,NaN,NaN,NaN,NaN
2979.000001470819,73341.48760329875,0.19778812098768117,1.954153171601394,10.672722165201762,11.809491029505201,13.067333665733099,14.459143418552253,15.999186020583574,17.703245446577714,19.588785190200618,21.67512656683651,23.983645802913326,26.5379918413235,29.364326973172787,32.49159259734845,35.95180260938594,39.78036712672666,44.01644946387197,48.70335947094584,53.88898653230617,59.626275673158716,65.9737503206334,72.99608528229388,80.76473339935158,89.35860904895937,98.86483113517708,109.37952732072726,121.00869987625984,133.86915148027302,148.08946635250004,163.81103793315464,181.1891285223395,200.39393834401798,221.61165073295334,245.04540573495535,270.91613535978894,299.46316886308665,330.9444844670351,365.6364435614699,403.83279358649816,445.84266606107474,491.98722751068243,542.5945667159671,597.9923291245366,658.4975519574172,724.4031337109309,795.9604227841098,873.3575776558346,956.6936915380822,1045.9492455416237,1140.9542963417914,1241.3569071475158,1346.5955901251025,1455.8807022308004,1568.1904293853981,1682.2867094619064,1796.7547369331226,1910.066409644282,2020.6636098175138,2127.052573960276,2227.8972223728842,2322.098480520534,2408.848871699267,2487.6564395458768,2558.3379100372467,2620.9861961409724,2675.9206017129777,2723.6289671653276,2764.7098995083393,2799.82097329195,2829.6362395478686,2854.8141593003033,NaN,NaN,NaN,NaN,NaN,NaN,NaN,NaN,NaN,NaN,NaN,NaN,NaN,NaN,NaN,NaN,NaN,NaN,NaN,NaN,NaN,NaN
2979.0000013277754,73341.48760329864,0.19762784543421935,1.95837200504571,10.802108346632439,11.949074557107652,13.217820110391772,14.621273087524408,16.173733365217306,17.891017951359114,19.79062163970744,21.891894571161924,24.21623844393044,26.787323281533915,29.631326845544795,32.777198968212026,36.25695327681314,40.10598898358804,44.3634456176405,49.07259377107848,54.28126511050441,60.0423250519572,66.41419159175487,73.461403798511,81.25524336314055,89.87441231960052,99.40576951568912,109.94512753097578,121.5981103744877,134.48107027046157,148.7220589212062,164.46184451336023,181.85496000632375,201.07076039359595,222.29445600564196,245.72807471431616,271.59128711938183,300.12200429726033,331.57662619963276,366.22977902561837,404.37333079633714,446.3144155044564,492.37212847443254,542.8724822053499,598.1411401529571,658.4933888219066,724.2207878728946,795.5739863488412,872.7413554801451,955.8234200448437,1044.803628129685,1139.5168239606794,1239.6178724863955,1344.5541282175252,1453.5466103047502,1565.5854553149718,1679.4449796438041,1793.7220490338282,1906.898257977397,2017.4220276659712,2123.8021203486687,2224.700639201206,2319.012631388714,2405.9215128306428,2484.9241850738063,2555.8255018709165,2618.706950721088,2673.877742202356,2721.817483421195,2763.1185979408374,2798.4344527397643,2828.4366230000105,2853.782498566702,2875.092824659778,NaN,NaN,NaN,NaN,NaN,NaN,NaN,NaN,NaN,NaN,NaN,NaN,NaN,NaN,NaN,NaN,NaN,NaN,NaN,NaN,NaN
2979.000000395819,73341.48760329733,0.19735651860182055,1.96561747835965,11.026679464411172,12.191271379094442,13.478857215096932,14.902424624719142,16.47633205078232,18.2164531814392,20.14033654924545,22.267381834910488,24.619034587410614,27.219001234698364,30.093486432650664,33.27145498313119,36.78492074320562,40.669265143541544,44.96358813006778,49.71109453196452,54.959519030738484,60.761593044913944,67.17555693228707,74.26572091838021,82.1030780466958,90.76597216037635,100.3408233937625,110.92291277885039,122.6172262255156,135.53935614220225,149.8164560963508,165.5882398705046,183.00801066010519,202.24369848051197,223.47887346811623,246.91368888361734,272.76568929754234,301.27039554056904,332.68154729691935,367.2708454600295,405.3269885154181,447.15373982610924,493.0666965855865,543.3883594614456,598.4410314340374,658.5370176682384,723.9655762748771,794.9761139571863,871.7572741716294,954.4118821904447,1042.9282474795489,1137.1491202094016,1236.740651266283,1341.1649224615685,1449.660774621334,1561.2383962405008,1674.6929684934028,1788.641148207269,1901.5811221310569,2011.9726986423045,2118.3293426014357,2219.3105625684693,2313.8019246551808,2400.9718242406184,2480.298581423444,2551.5670984890294,2614.8395411451966,2670.407952114348,2718.737851782851,2760.4110130937415,2796.0734908627187,2826.392492526198,2852.023442034213,2873.586944377629,2891.654369433433,NaN,NaN,NaN,NaN,NaN,NaN,NaN,NaN,NaN,NaN,NaN,NaN,NaN,NaN,NaN,NaN,NaN,NaN,NaN,NaN
2978.9999998203493,73341.48760329647,0.19746922247907273,1.9628416167925644,10.940341223926078,12.098226685713536,13.378653088298325,14.794587269066145,16.360367518365987,18.091848406899143,20.00656082859136,22.12388883017515,24.465264951421105,27.05438596412283,29.917451073141365,33.08342482802772,36.58432718707666,40.45555337401739,44.73622636612311,49.469585044194254,54.703411209316634,60.49049881383045,66.88916884397405,73.96383330060529,81.78561161293649,90.43300253466433,99.99261403941499,110.55995285489017,122.24027392095498,135.1494880510026,149.41512318665943,165.17733055937845,182.58992141372573,201.82141219862487,223.05604565159982,246.49474118810298,272.35590949527506,300.8760420858642,332.30995554276325,366.9305310173588,405.02774118792286,446.906698902344,492.88439496495573,543.2847201377085,598.4312953979338,658.6375776842852,724.1936869514127,795.3494462717482,872.2932839603465,955.1269695223743,1043.836700197348,1138.2618628887703,1238.0638616367924,1342.6986288603434,1451.3976029078567,1563.1626788208512,1676.7804423678676,1790.8594337290895,1903.891078735009,2014.3306061930164,2120.689688732005,2221.629076108418,2316.0384308252424,2403.0925337862186,2482.277552419072,2553.3867838352185,2616.4905026218707,2671.8879401756144,2720.0505008949026,2761.564391937012,2797.0786966107476,2827.2624129761207,2852.7717473954663,2874.227322360809,2892.1999858171193,2907.203489936056,NaN,NaN,NaN,NaN,NaN,NaN,NaN,NaN,NaN,NaN,NaN,NaN,NaN,NaN,NaN,NaN,NaN,NaN,NaN
2978.9999999770375,73341.48760329647,0.19791327529784436,1.9499457295184826,10.544493655344494,11.670902077206312,12.91763304581453,14.297537532212097,15.824838404557383,17.515276659851086,19.386273164323104,21.457107519877464,23.749115833056205,26.285909334257973,29.093615978075245,32.20114734962094,35.64049340474684,39.44704778101555,43.65996662634468,48.32256409616983,53.48274785724833,59.19349809182496,65.51339359866165,72.50718860797734,80.24644382508733,88.81021493696942,98.28580128168376,108.76955649065748,120.36776153158893,133.19755852278055,147.38794071661317,163.08078984339582,180.43194615411505,199.6122884705774,220.80879067077598,244.22550646862004,270.0844150755227,298.62603517120743,330.1096822529691,364.8132035614012,403.03197431376003,445.07687849181195,491.27092788004023,541.944097864288,597.4258852069179,658.0350353992957,724.0658678905696,795.7706804855926,873.3378860584435,956.865882380256,1046.3332376534697,1141.5666302873476,1242.20909984759,1347.6924386968835,1457.2187321369945,1569.7567357459081,1684.058459123208,1798.6995595861083,1912.1437965874086,2022.8272687724684,2129.2534948982943,2230.0870491092587,2324.2327102642253,2410.889446950993,2489.57343959539,2560.1102438044263,2622.6013833988804,2677.373858810872,2724.9218675340735,2765.848866960359,2800.8158115341657,2830.4988309042915,2855.5573994659267,2876.6124717715943,2894.2331509662654,2908.9300953270204,2921.153876464891,NaN,NaN,NaN,NaN,NaN,NaN,NaN,NaN,NaN,NaN,NaN,NaN,NaN,NaN,NaN,NaN,NaN,NaN
2979.000000319796,73341.48760329677,0.19887818894986306,1.9207864041714906,9.683553463514972,10.73991315910361,11.911504050424911,13.210894172394575,14.652021707503962,16.250344137264165,18.023003552287893,19.98900984411631,22.169443675886544,24.587681316974727,27.269643628635972,30.24407170256299,33.542831880451544,37.201253117047585,41.258499886885296,45.75798406859305,50.747819459317576,56.2813227597478,62.41756500507464,69.22197746772723,76.7670159805129,85.13288736422516,94.40834111046264,104.69152855792879,116.0909303601268,128.7263508750809,142.72997494904945,158.24747806764051,175.43917455448593,194.48117982309097,215.56655088641818,238.90635347273266,264.730583058916,293.2888395983954,324.8506202403649,359.7050494640979,398.1598106214461,440.5389765040893,487.1793604440076,538.4249277129328,594.6187284432605,656.091753986134,723.1481046841106,796.0459273623298,874.9737880870873,960.0225530150371,1051.153519552851,1148.1645085614518,1250.6568686012513,1358.0077130466902,1469.3529087406084,1583.5868953174117,1699.384788886918,1815.2499766006827,1929.5864984342736,2040.7905384250303,2147.350569320137,2247.9426864592333,2341.5076684591454,2427.299581790065,2504.901375342432,2574.2091397743775,2635.3917361492886,2688.835200208392,2735.081537936645,2774.769859652718,2808.5852043299396,2837.217750828214,2861.3329542976944,2881.551700615525,2898.438807567023,2912.497960411594,2924.1712639739885,2933.841862152769,NaN,NaN,NaN,NaN,NaN,NaN,NaN,NaN,NaN,NaN,NaN,NaN,NaN,NaN,NaN,NaN,NaN
2979.0000061224223,73341.48760330387,0.19973273245932965,1.8977035686384898,9.03580685400916,10.038653425357934,11.152796979046624,12.390587667675717,13.765745479667261,15.293511959831061,16.990818656878968,18.87647411438258,20.9713714090297,23.29871844311716,25.88429341696368,28.756728140632337,31.947822091371336,35.49289038051416,39.43114905631601,43.806141429753374,48.66620935737454,54.06501363243503,60.06210779933599,66.72356978378899,74.12269567615846,82.34075975456435,91.46784430051905,101.60374182468325,112.85893082366721,125.35562391580582,139.22888386821677,154.6277982510028,171.71669674244782,190.67638582213476,211.7053629134175,235.02095495770473,260.8603036887437,289.48109008780114,321.1618520602916,356.2017007167434,394.9191805338568,437.6499467811921,484.7428514288011,536.5539410924688,593.4377875976337,655.735511756594,723.7588535679115,797.7697309659949,877.9549729298038,964.3963798822612,1057.0370196382248,1155.645743017906,1259.7832545405663,1368.7745225879924,1481.6935057835656,1597.366585137107,1714.4001416892959,1831.234997312627,1946.226015186564,2057.7398253564143,2164.2588534314255,2264.47725038112,2357.3750919512413,2442.2613403904675,2518.7823007192624,2586.8987108782326,2646.8393820929005,2699.041492185173,2744.0872902562332,2782.6448826016167,2815.417956817458,2843.1066115034887,2866.379383738716,2885.8552530683805,2902.0937674793163,2915.591299768203,2926.7816072811947,2936.0391766461803,2943.684180897809,NaN,NaN,NaN,NaN,NaN,NaN,NaN,NaN,NaN,NaN,NaN,NaN,NaN,NaN,NaN,NaN
6150.0000001800945,558.0909081867987,0.10490302798865027,0.8804472683398603,5.247706544636642,5.910255711954751,6.6562717910386064,7.496223935153629,8.441882951277524,9.50648026555133,10.704885582536084,12.053805254787164,13.572003549842679,15.280549173815226,17.203089579968147,19.366155750988668,21.799500287249252,24.536471749891394,27.614428283857492,31.075193565257898,34.96555805862895,39.33782840655045,44.25042747459416,49.7685470995691,55.96485489150994,62.92025546399722,70.72470514780878,79.47807750417576,89.29107471072162,100.28617705112947,112.5986191974052,126.37737762679275,141.78614826235372,159.00428717725606,178.22767989300596,199.66949640847474,223.5607796619285,250.1508047884174,279.70713555426477,312.51529316161526,348.8779418625675,389.1134864006836,433.5539693913893,482.54215385135296,536.42767897462,595.5621879544881,660.2933473134275,730.9577099087435,807.8724202584089,891.3258220872214,981.5671038688905,1078.7952068317945,1183.1473175178317,1294.6873672625452,1413.3950552003373,1539.155988807407,1671.7535845355283,1810.8633788029153,1956.0503563944828,2106.7698029501425,2262.372030219819,2422.1111138065244,2585.157537422599,2750.6143761725175,2917.536399492698,3084.951258797168,3251.881769618653,3417.3682207369407,3580.4896518837786,3740.3831350266014,3896.260259841801,4047.4202417649126,4193.259316317391,4333.276330785294,4467.074670944059,4594.360848841819,4714.940216836372,4828.710359199449,4935.652747809991,5035.8232394920715,NaN,NaN,NaN,NaN,NaN,NaN,NaN,NaN,NaN,NaN,NaN,NaN,NaN,NaN,NaN
6150.0000001800945,558.0909081867987,0.10490302798865027,0.8804472683398603,5.247706544636642,5.910255711954751,6.6562717910386064,7.496223935153629,8.441882951277524,9.50648026555133,10.704885582536084,12.053805254787164,13.572003549842679,15.280549173815226,17.203089579968147,19.366155750988668,21.799500287249252,24.536471749891394,27.614428283857492,31.075193565257898,34.96555805862895,39.33782840655045,44.25042747459416,49.7685470995691,55.96485489150994,62.92025546399722,70.72470514780878,79.47807750417576,89.29107471072162,100.28617705112947,112.5986191974052,126.37737762679275,141.78614826235372,159.00428717725606,178.22767989300596,199.66949640847474,223.5607796619285,250.1508047884174,279.70713555426477,312.51529316161526,348.8779418625675,389.1134864006836,433.5539693913893,482.54215385135296,536.42767897462,595.5621879544881,660.2933473134275,730.9577099087435,807.8724202584089,891.3258220872214,981.5671038688905,1078.7952068317945,1183.1473175178317,1294.6873672625452,1413.3950552003373,1539.155988807407,1671.7535845355283,1810.8633788029153,1956.0503563944828,2106.7698029501425,2262.372030219819,2422.1111138065244,2585.157537422599,2750.6143761725175,2917.536399492698,3084.951258797168,3251.881769618653,3417.3682207369407,3580.4896518837786,3740.3831350266014,3896.260259841801,4047.4202417649126,4193.259316317391,4333.276330785294,4467.074670944059,4594.360848841819,4714.940216836372,4828.710359199449,4935.652747809991,5035.8232394920715,5129.341948955524,NaN,NaN,NaN,NaN,NaN,NaN,NaN,NaN,NaN,NaN,NaN,NaN,NaN,NaN
6150.0000001800945,558.0909081867987,0.10490302798865027,0.8804472683398603,5.247706544636642,5.910255711954751,6.6562717910386064,7.496223935153629,8.441882951277524,9.50648026555133,10.704885582536084,12.053805254787164,13.572003549842679,15.280549173815226,17.203089579968147,19.366155750988668,21.799500287249252,24.536471749891394,27.614428283857492,31.075193565257898,34.96555805862895,39.33782840655045,44.25042747459416,49.7685470995691,55.96485489150994,62.92025546399722,70.72470514780878,79.47807750417576,89.29107471072162,100.28617705112947,112.5986191974052,126.37737762679275,141.78614826235372,159.00428717725606,178.22767989300596,199.66949640847474,223.5607796619285,250.1508047884174,279.70713555426477,312.51529316161526,348.8779418625675,389.1134864006836,433.5539693913893,482.54215385135296,536.42767897462,595.5621879544881,660.2933473134275,730.9577099087435,807.8724202584089,891.3258220872214,981.5671038688905,1078.7952068317945,1183.1473175178317,1294.6873672625452,1413.3950552003373,1539.155988807407,1671.7535845355283,1810.8633788029153,1956.0503563944828,2106.7698029501425,2262.372030219819,2422.1111138065244,2585.157537422599,2750.6143761725175,2917.536399492698,3084.951258797168,3251.881769618653,3417.3682207369407,3580.4896518837786,3740.3831350266014,3896.260259841801,4047.4202417649126,4193.259316317391,4333.276330785294,4467.074670944059,4594.360848841819,4714.940216836372,4828.710359199449,4935.652747809991,5035.8232394920715,5129.341948955524,5216.382963699047,NaN,NaN,NaN,NaN,NaN,NaN,NaN,NaN,NaN,NaN,NaN,NaN,NaN
6150.0000001800945,558.0909081867987,0.10490302798865027,0.8804472683398603,5.247706544636642,5.910255711954751,6.6562717910386064,7.496223935153629,8.441882951277524,9.50648026555133,10.704885582536084,12.053805254787164,13.572003549842679,15.280549173815226,17.203089579968147,19.366155750988668,21.799500287249252,24.536471749891394,27.614428283857492,31.075193565257898,34.96555805862895,39.33782840655045,44.25042747459416,49.7685470995691,55.96485489150994,62.92025546399722,70.72470514780878,79.47807750417576,89.29107471072162,100.28617705112947,112.5986191974052,126.37737762679275,141.78614826235372,159.00428717725606,178.22767989300596,199.66949640847474,223.5607796619285,250.1508047884174,279.70713555426477,312.51529316161526,348.8779418625675,389.1134864006836,433.5539693913893,482.54215385135296,536.42767897462,595.5621879544881,660.2933473134275,730.9577099087435,807.8724202584089,891.3258220872214,981.5671038688905,1078.7952068317945,1183.1473175178317,1294.6873672625452,1413.3950552003373,1539.155988807407,1671.7535845355283,1810.8633788029153,1956.0503563944828,2106.7698029501425,2262.372030219819,2422.1111138065244,2585.157537422599,2750.6143761725175,2917.536399492698,3084.951258797168,3251.881769618653,3417.3682207369407,3580.4896518837786,3740.3831350266014,3896.260259841801,4047.4202417649126,4193.259316317391,4333.276330785294,4467.074670944059,4594.360848841819,4714.940216836372,4828.710359199449,4935.652747809991,5035.8232394920715,5129.341948955524,5216.382963699047,5297.164285941418,NaN,NaN,NaN,NaN,NaN,NaN,NaN,NaN,NaN,NaN,NaN,NaN
6150.000000168031,558.0909082385637,0.10350023776666327,0.9306750105548378,7.6725984672816665,8.573129617377214,9.579113757746159,10.702841702700667,11.95802299280974,13.359946364549927,14.92565758223618,16.674156320387187,18.62661390152328,20.80661380654116,23.240416977701745,25.9572540220017,28.989646487724677,32.37375941973569,36.14978738763622,40.36237611041348,45.061081653479874,50.30086892683149,56.14265083971119,62.653868935707045,69.9091156049242,77.99079700271427,86.98983454675641,97.00640125867491,108.15068719915188,120.54368574767236,134.3179894273648,149.61858029959865,166.60359558473493,185.44504404946616,206.32944280421742,229.45833747785426,255.04866133499712,283.3328808997305,314.55886727185094,348.9894239166981,386.901393780674,428.5842618189933,474.3381643142215,524.4712148265381,579.296059572667,639.125583975176,704.2677086443871,775.019238697174,851.6587663907644,934.438674372385,1023.5763454285069,1119.2447533236316,1221.562685532896,1330.5849280512741,1446.2928188406124,1568.5856420284508,1697.2733806992098,1832.0713626996903,1972.5973128842988,2118.3712605484343,2268.8186401488265,2423.2767695397415,2581.004701334915,2741.1962336675992,2902.9956550133115,3065.5156046448687,3227.856276072245,3389.1250924634414,3548.4559515351775,3705.0271760095056,3858.07740951278,4006.918854457038,4150.9474403579325,4289.649717956726,4422.606476451839,4549.493260943974,4670.078112288311,4784.216954796069,4891.847116870872,4992.979488507049,5087.689803744433,5176.109493718957,5258.416495536134,5334.826332051471,NaN,NaN,NaN,NaN,NaN,NaN,NaN,NaN,NaN,NaN,NaN
13131.000000055432,1192.7272723755418,0.09290398244857793,1.0775467945876975,19.963494733272142,21.75928027912188,23.716411413840373,25.849346996997557,28.17383425735308,30.70702215380192,33.46758442785804,36.47585312028371,39.75396337477086,43.32601040273902,47.21821953472409,51.45913033470629,56.07979580306133,61.11399774035249,66.59847938634023,72.57319648442417,79.08158794886528,86.17086732766077,93.89233625434066,102.30172106299622,111.45953369746887,121.43145797179609,132.28876212759087,144.10873847662296,156.9751707036318,170.9788291238898,186.2179938290246,202.79900519790073,220.83684067968912,240.45571605409407,261.7897085172974,284.9833979075174,310.192521145082,337.5846334907916,367.33976849416786,399.6510864807838,434.7254990871751,472.7842546676932,514.0634663503317,558.8145610969142,607.304624328802,659.8166105321436,716.6493858006631,778.1175635849424,844.5510901114199,916.2945311783407,993.706007556343,1077.1557223153743,1167.0240204436493,1263.698919580905,1367.5730511077927,1479.0399538497384,1598.4896689697243,1726.3035949843195,1862.8485769823237,2008.4702247316884,2163.485480954328,2328.174493901972,2502.771887375036,2687.457565877863,2882.3472414478238,3087.482919838915,3302.823634383287,3528.2367624026674,3763.490297219572,4008.2464739008265,4262.057154048073,4524.361359840158,4794.4853067393,5071.6452160246645,5354.9530930287065,5643.425537636145,5935.9955160291165,6231.526875159907,6528.83123434661,6826.686753147831,7123.858162616461,7419.117368105479,7711.263893335968,7999.144441220441,8281.670896677622,NaN,NaN,NaN,NaN,NaN,NaN,NaN,NaN,NaN,NaN
13131.000000054702,1192.7272723808685,0.09308124660999051,1.0737018922577648,19.50818161689049,21.273077662883438,23.19745421647685,25.295685206338007,27.58343277591136,30.077761298616938,32.797261200861755,35.762183380309224,38.994585058680826,42.518487961161554,46.36004976763579,50.54774983369958,55.11259023066403,60.088313202304676,65.5116361803224,71.42250553838934,77.86437029382311,84.88447698340808,92.53418694206692,100.86931719565641,109.95050613693178,119.84360508051664,130.62009668121374,142.35754104156445,155.1400501191066,169.05879075952265,184.21251631519553,200.70812634395716,218.66125330221513,238.19687443005128,259.4499461508461,282.5660572497001,307.7020958264638,335.02692351183106,364.7220486587799,396.9822881465119,432.0164050309232,470.0477065185376,511.31458360939126,556.0709702371862,604.5866958340845,657.1477009835133,714.0560812432882,775.6299194024613,842.2028614998845,914.1233870540549,991.7537193685603,1075.4683177947957,1165.6518908452786,1262.6968675378437,1367.000264884898,1478.9598926801723,1598.9698434052825,1727.4152259474363,1864.6661176495938,2011.0707306940144,2166.9478164771613,2332.5783657252523,2508.1967024835726,2693.9811161128027,2890.044225698743,3096.423323710055,3313.070997371602,3539.846373295277,3776.507368975443,4022.7043589306654,4277.975668636141,4541.745291504197,4813.323179690121,5091.908386816272,5376.59524051444,5666.38259838524,5960.186098795254,6256.853166705663,6555.180385249013,6853.932707830502,7151.863874656456,7447.737321721927,7740.346836533867,8028.536226568714,8311.21732281726,8587.385736787906,NaN,NaN,NaN,NaN,NaN,NaN,NaN,NaN,NaN
13131.00000004899,1192.7272724710704,0.09343548961613297,1.0653184042027846,18.539822845608143,20.237616796048947,22.09070438406506,24.113253751903805,26.320718479782315,28.729952784876726,31.359336760928546,34.228912476887004,37.360531808142866,40.77801693026586,44.50733446212026,48.57678430199836,53.017204255946865,57.86219161045588,63.1483428504914,68.91551276643762,75.20709422735996,82.07031992002268,89.5565873595569,97.72180846405483,106.62678494623368,116.33761070418886,126.92610228243798,138.47025831485465,151.0547486420349,164.7714335046744,179.71991283723835,196.008105205977,213.75285533323958,233.08056840465136,254.1278684430933,277.0422769270898,301.98290650238664,329.1211630534362,358.64144753416844,390.74184677248,425.6347999291946,463.5477243819541,504.72358149577497,549.421359022748,597.9164427459114,650.5008454693137,707.4832566078354,769.1888705325265,835.9589466118426,908.1500487446275,986.1329073632446,1070.2908427303414,1161.0176852847599,1258.7151273310542,1363.7894411301436,1476.6475021432752,1597.6920635872302,1727.3162403937306,1865.8971779345336,2013.7889041918224,2171.3143939511647,2338.756910294609,2516.3507319524674,2704.2714241202034,2902.62586361731,3111.442284375314,3330.660662919658,3560.12381163297,3799.5695853403554,4048.6246289333867,4306.800095195157,4573.489738184344,4847.970735260411,5129.4075088364825,5416.8587085369645,5709.287379845987,6005.57419377315,6304.533453386242,6604.9314389987185,6905.506516839877,7204.990328056896,7502.129305756452,7795.705744076304,8084.557667431021,8367.596818063834,8643.824189584699,8912.34267356885,NaN,NaN,NaN,NaN,NaN,NaN,NaN,NaN
13131.00000005865,1192.7272728840196,0.09364312848350793,1.0606133376979272,18.011362736822317,19.672253109660236,21.486120571761166,23.467019403014184,25.630287953237296,27.992664541824226,30.572413534950492,33.38946243706222,36.46555089047779,39.82439253540937,43.49185074194462,47.49612928470835,51.867979089007555,56.64092223291992,61.8514944413487,67.53950735345236,73.74833188149978,80.52520400395079,87.92155434458661,95.99336287817746,104.8015400658983,114.41233565382377,124.89777625741489,136.33613269458675,148.81241780869993,162.41891522778488,177.25573912256965,193.43142453625146,211.06354724380924,230.27937133579266,251.21652178607488,274.02367812754846,298.8612839942434,325.90226566088626,355.3327507881651,387.3527763302655,422.17697194818925,460.0352022689539,501.1731479143134,545.8528013806382,594.3528495866806,646.9689102420082,704.0135841786604,765.8162805224715,832.7227661969309,905.0943859490714,983.3068941325065,1067.7488352291102,1158.8194069824124,1256.925738597053,1362.479517374474,1475.892901143921,1597.573661720857,1727.919517230782,1867.3116293042524,2016.107265609777,2174.6316594738223,2343.1691366405307,2521.953624272503,2711.1587081850053,2910.8874593671676,3121.1623075246603,3341.9152942068226,3572.97908671409,3814.0791713845983,4064.82766563323,4324.719186981088,4593.129189718586,4869.315122669004,5152.420673761958,5441.483250492178,5735.444704588816,6033.165152174586,6333.439577823937,6635.016754512208,6936.619874359797,7236.968179355796,7534.798816644497,7828.888125687053,8118.071596514688,8401.261816582835,8677.463841346133,8945.787570151213,9205.456871857901,NaN,NaN,NaN,NaN,NaN,NaN,NaN
23216.00000002978,2109.545454363003,0.0891432316025621,1.1077334197090043,25.098109351566144,27.200149365524624,29.478121624072177,31.946728824427627,34.621898285991335,37.520883197201755,40.66237209343626,44.06660720916836,47.75551239297798,51.75283132165197,56.08427679941707,60.777691980172335,65.86322440421527,71.37351379608413,77.34389462636153,83.81261449706898,90.82106946694404,98.4140574885646,106.64005118288311,115.55149122691488,125.20510167543607,135.6622285755788,146.98920326172006,159.25773173411298,172.54531152477892,186.93567743407365,202.5192774760735,219.3937802946275,237.66461519766327,257.4455457970444,278.859278025536,302.0381030203457,327.1245750017184,354.2722238207959,383.6463012870713,415.42455969380495,449.79806011905674,486.97200706760754,527.1666048098356,570.6179293403867,617.5788081932405,668.3196983803715,723.1295504379925,782.3166439374778,846.2093768199557,915.1569875211541,989.5301850506611,1069.721657972412,1156.146428611514,1249.242013817849,1349.4683483081787,1457.307421079715,1573.2625697772594,1697.857372394302,1831.634070550684,1975.151454143395,2128.982133822837,2293.7091260025823,2469.9216755551306,2658.2102446548456,2859.160603151048,3073.3469671873668,3301.3241493351843,3543.6187060397415,3800.7190973228417,4073.064909861259,4361.0352378441285,4664.93636602057,4984.988955099374,5321.314989456058,5673.924808429027,6042.704601985238,6427.404805035647,6827.629867340613,7242.829902520372,7672.294724918587,8115.150762202155,8570.361280962195,9036.730280280037,9512.91029461283,9997.414205542666,10488.630997947737,10984.8452188069,11484.259717235227,11985.021074989168,NaN,NaN,NaN,NaN,NaN,NaN
23216.000000024153,2109.5454544128647,0.08949113937765153,1.1001085786312392,23.94528174280814,25.973447319565654,28.173282313199206,30.55929565021851,33.14721847556139,35.95410636120609,38.998449922209666,42.30029450556839,45.88136966499907,49.76522918489461,53.97740246923111,58.54555816595858,63.499680954180626,68.87226247992173,74.6985074860825,81.0165562427578,87.86772444473662,95.2967618028317,103.35213061357821,112.08630564640926,121.55609673694646,131.82299551743802,142.95354774809812,155.01975273306442,168.09949130821286,182.2769838707408,197.64327987699804,214.29678015932762,232.34379329735702,251.8991271157099,273.08671615851927,296.0402856998436,320.9040524747897,347.8334618435375,376.9959605121357,408.571803210222,442.7548908446459,479.7536365848768,519.7918550641622,563.109668370603,609.9644207236153,660.6315916514158,715.4056950714482,774.6011488961798,838.5530966121547,907.6181586861911,982.1750876228028,1062.625296026874,1149.393222127744,1242.9264919304212,1343.6958315419733,1452.1946773799207,1568.9384260562606,1694.4632599553154,1829.3244791646146,1974.0942658336237,2129.3588036719075,2295.714673697917,2473.76444815008,2664.111408402321,2867.353320591287,3084.075215313671,3314.8411360424416,3560.1848456304506,3820.599512060958,4096.526433852532,4388.3429122348125,4696.349430864669,5020.756363271452,5361.670491440601,5719.0816831261845,6092.850136882639,6482.694657842283,6888.182468698079,7308.7210835944325,7743.552772202109,8191.752112353922,8652.227068772427,9123.723941149381,9604.836398234367,10094.018659727775,10589.602711813324,11089.819255113429,11592.821897916832,12096.713936115022,12599.576917703642,NaN,NaN,NaN,NaN,NaN
23216.00000002339,2109.545454475545,0.08962664404046006,1.096845956071541,23.46334269711895,25.459987005653897,27.62642372713462,29.97707040110744,32.52756480025066,35.2948674581053,38.297372671767704,41.555028653842314,45.089467556616334,48.924146142616955,53.08449792936854,57.598097692147356,62.494839266624375,67.80712765319672,73.5700864861237,79.82178199276618,86.60346463057212,93.95982965106161,101.93929789981068,110.59431821790952,119.9816928618383,130.1629274030389,141.2046066030742,153.17879778203354,166.16348320300366,180.24302297948614,195.50864997025664,212.05899805100228,230.0006650366793,249.4488113641648,270.5277954212309,293.3718461133165,318.1257728803494,344.9457128963209,373.99991458658604,405.4695558617806,439.5495945701724,476.4496475870734,516.3948936630295,559.6269936120108,606.4050196048939,657.0063832090281,711.727749347967,770.8859205137965,834.818672317812,903.885517788647,978.4683737036402,1058.972097664954,1145.824859619848,1239.4783061113853,1340.4074697995732,1449.1103708211972,1566.1072505165077,1691.9393721598333,1827.1673178777005,1972.36870629271,2128.1352520561127,2295.0690868863517,2473.778262673207,2664.871361389115,2868.951144798322,3086.6071901442797,3318.4074769979593,3564.8889160670255,3826.5468436417636,4103.823545861515,4397.095925096936,4706.662475886324,5032.729798778,5375.398945040036,5734.651950525739,6110.3389791281015,6502.166550469351,6909.687367351174,7332.292280315481,7769.204923869777,8219.479526702615,8682.00233316627,9155.496974150708,9638.533993616345,10129.544576965742,10626.83834674324,11128.624900345083,11633.038576150893,12138.165762491057,12642.073921637397,13142.841400346299,NaN,NaN,NaN,NaN
28832.000000023752,2620.0909089594984,0.08847169549103946,1.104911856897487,25.161682106930837,27.25831636353951,29.529560490874033,31.98993870034905,34.65518013405715,37.542318237561844,40.66979822004983,44.05759324010005,47.72733000199201,51.70242449684458,56.00822867496388,60.67218889055746,65.72401701737508,71.19587519373205,77.12257521756159,83.54179367633986,90.49430396253594,98.02422639213425,106.17929771107762,115.01116134131516,124.57567978341358,134.9332706550419,146.1492679023832,158.2943097726037,171.4447551774175,185.68313010750254,201.09860577141032,217.78751012634305,235.85387443657024,255.41001643222705,276.5771615395799,299.4861035051233,324.2779055302422,351.1046427592109,380.1301866077839,411.53103096740267,445.49715975377205,482.23295456858443,521.9581403873656,564.9087661500855,611.3382158869812,661.5182445301452,715.7400308096622,774.3152375773427,837.5770675060617,905.8812993428459,979.6072867147006,1059.1588978665757,1144.9653706252905,1237.4820523154053,1337.1909892999513,1444.6013252966627,1560.24946167005,1684.6989265956138,1818.5398934512164,1962.3882821806392,2116.884370927524,2282.6908392609425,2460.490159199204,2650.9812464743254,2854.875282656558,3072.8906195713544,3305.746681683702,3554.156790673416,3818.8198502089767,4100.410848882195,4399.570166266213,4716.891701828909,5052.909889434192,5408.0857114612445,5782.791885689681,6177.297463866664,6591.752151288373,7026.170728854813,7480.418028976813,7954.194979579036,8447.026280636865,8958.25030912799,9487.01185487822,10032.258266011599,10592.739524308528,11167.012675433205,11753.450907046194,12350.257402729934,12955.483908243472,13567.053738924866,14182.788745785776,14800.439557416015,NaN,NaN,NaN
28832.00000002331,2620.090908973547,0.08862744548445689,1.101320255799309,24.593745848120513,26.653778346340495,28.886270364214898,31.305642394700637,33.92751754257025,36.768821231473915,39.84788906956128,43.18458352125687,46.80042008045498,50.718703690868836,54.964676212550835,59.56567578967711,64.55130903349635,69.95363699575314,75.80737597171485,82.15011423787223,89.02254589705225,96.4687230725493,104.53632776226289,113.27696473284384,122.74647690138953,133.0052847169066,144.1187511138657,156.15757366361274,169.19820559362032,183.3233073764811,198.62223060644567,215.19153587675794,233.1355463407573,252.56693857744384,273.6073722805614,296.38816014059154,321.0509790812651,347.74862373453357,376.6458026768348,407.91997748931806,441.7622441276462,478.37825537281236,517.9891822603101,560.8327113255109,607.1640732300666,657.257096816802,711.4052808456687,769.9228735557914,833.1459477419806,901.4334561916494,975.168249064462,1054.7580310801036,1140.6362321832441,1233.2627606624421,1333.1246025089458,1440.7362251291515,1556.6397374143316,1681.4047517012218,1815.6278864487879,1959.9318416862823,2114.9639726974992,2281.394281315542,2459.9127390203457,2651.2258522655216,2856.0523787254842,3075.1181041696414,3309.149594259419,3558.866844631925,3824.974767138298,4108.153471004145,4409.047325863995,4728.25282981758,5066.30535030838,5423.664858759916,5800.700840975973,6197.676633043145,6614.733504726165,7051.874886006335,7508.951203363689,7985.645855579639,8481.462908412115,8995.717117208751,9527.5268901596,10075.810776895625,10639.288003331167,11216.483471954123,11805.737507888334,12405.220458947295,13012.952059976124,13626.825258707848,14244.633985445731,14864.104147034062,15482.926951941228,NaN,NaN
28832.000000024727,2620.0909090279138,0.0893406504865701,1.0841692564864167,22.006930098739584,23.896360288853096,25.947922519504395,28.175513023493302,30.59421601472362,33.22040467567709,36.07185062229042,39.16784253769091,42.52931471881532,46.178986335760236,50.141512262836436,54.44364640273639,59.11441849093359,64.18532543631581,69.69053832593531,75.66712629636486,82.15529855109206,89.19866588213233,96.84452313388712,105.1441541273026,114.15316064142287,123.93181712600908,134.54545289117306,146.06486358568486,158.56675383198103,172.13421292955056,186.85722556521534,202.8332194739617,220.1676519715321,238.97463722299398,259.3776160116915,281.5100696206382,305.51627922212623,331.5521318778182,359.7859738654524,390.39951155176254,423.5887594039377,459.56503395078664,498.5559915435549,540.8067065958393,586.5807855698167,636.161510286558,689.853002133251,747.9813963790898,810.8960130523532,878.9705076315104,952.6039811223616,1032.2220248945807,1118.27767090529,1211.2522126266365,1311.655856118108,1420.0281542655132,1536.9381703020395,1662.9843094292685,1798.793749816758,1945.0213966927147,2102.348275938943,2271.4792769571077,2453.1401490725134,2648.0736519945667,2857.034759591354,3080.7848183131805,3320.08456798124,3575.6859443942953,3848.322601391996,4138.699115719393,4447.478872219322,4775.270670260636,5122.614145234346,5489.964161213632,5877.67440154941,6285.980461432898,6714.982827427864,7164.630209652,7634.703767535497,8124.802833774714,8634.332786390461,9162.495738608006,9708.284703898016,10270.481843404037,10847.66131157561,11438.19708237187,12040.275965612107,12651.915817488023,13270.988721309819,13895.248677961212,14522.363116357245,15149.947329431907,15775.600777058871,16396.94408752056,NaN
28832.000000028864,2620.090909078426,0.08994138208558267,1.069389303379383,19.939723696040836,21.688508191907914,23.590585778735612,25.659378171906816,27.909479294912604,30.356757097026417,33.01846410849417,35.913357462765944,39.06182917230334,42.486047505192836,46.210110374258235,50.260211718636306,54.664821929848756,59.454883450200526,64.66402275070564,70.32877997843569,76.48885764882769,83.18738984654685,90.4712334882619,98.3912832912146,107.00281218153317,116.36583896430804,126.54552516157446,137.61260300211853,149.64383661546884,162.7225185379206,176.93900367654587,192.39128289254637,209.18559835160102,227.43710273841842,247.2705643364429,268.8211198208678,292.23507639118196,317.67076456367175,345.2994425375007,375.30625252038016,407.8912287286903,443.27035593627636,481.67667640667344,523.3614417723055,568.5953048847412,617.6695448123054,670.8973159620168,728.6149097060326,791.1830138510076,858.9879517542755,932.4428788176693,1011.9889094370512,1098.096142220788,1191.2645453945588,1292.0246577842506,1400.9380536422018,1518.597511921049,1645.6268225192946,1782.6801537000902,1930.4408965732757,2089.6198945752926,2260.952958734879,2445.1975637490677,2643.128616221601,2855.53318568131,3083.2040921839102,3326.9322525094344,3587.497701387562,3865.6592260339103,4162.142582728684,4477.627304218207,4812.732157063762,5167.999368913958,5543.8778165738195,5940.705445344226,6358.691276002545,6797.897444370117,7258.221804770787,7739.381706711816,8240.899616690982,8762.091296420289,9302.05725721633,9859.678180865103,10433.614924623613,11022.31360948508,11624.01612718823,12236.776197558669,12858.480872813487,13486.877132676598,14119.602960013746,14754.22204955716,15388.261100630676,16019.24849524628,16644.753078430513,17262.42174578218
