q,alpha,regime,N,count,variance_f,normalized_variance_f,excess_f,excess_f_low95,excess_f_high95,excess_g,wick,rhat_f,rhat_f_squared,ess_f,ess_f_fourth,q_mean_energy,q_variance_energy
0.5,1.75,localized,32,24000,19.25841420377151,0.044730943739833086,0.5294407587305239,0.41483464281099086,0.6532983621777542,0.5305748790099485,0.2675890491584593,1.0001889884942141,1,14985.123037027752,20296.56392709108,0.999295351713881,0.9766149375506192
0.5,1.75,localized,64,24000,69.51044662887237,0.04799932438923951,0.4707220162440562,0.3665478532953512,0.5702653486222209,0.2838320867174202,0.20967395679368078,1.0000397960252774,1.0002137293126443,14699.0719244567,18256.227755582437,1.0001114746566735,0.9878927967568361
0.5,1.75,localized,128,24000,252.56979343962828,0.051851814918152966,0.33681079206828635,0.2306929705970468,0.459808902817986,0.2390714453541829,0.19632014719662863,1.0000837146613601,1.0000870547474767,13249.14987531654,16473.256560551614,1.000560753478889,1.0221318346264026
0.5,1.75,localized,256,24000,897.7590202689153,0.05479486207696016,0.34293783381180987,0.2342703980918911,0.44995854303248156,0.17182591856197282,0.11794766230579906,1.0001133469164083,1.0000436869915978,11941.651290197393,19983.129270420657,0.9994555345096224,0.9841325857301938
0.5,1.75,localized,512,24000,3159.9133811014667,0.05733934746701307,0.10877610425969086,0.04298801855959558,0.17705487720983326,0.05703814634336046,0.0917102837305009,1,1.0001628586155953,10957.097394801147,18191.80138390574,0.9995583746790031,0.9883431352500344
0.5,2,lower-critical,32,24000,141.86442193851212,0.003328029290851023,1.414559409681317,0.8255650462631142,2.299358611249882,0.6773698667675561,0.3797756096312413,1.0000116018486325,1,9569.175354412435,10786.212955263665,1.0016936918811674,1.014217097644645
0.5,2,lower-critical,64,24000,652.1394695574961,0.002213351573308634,0.6629028381264579,0.5317646264168091,0.8065375118688223,0.47683616422279584,0.28171447343071687,1.0003533155337738,1.0000441603353787,8189.396035953281,12491.988526374196,1.000755685969211,1.005780243165377
0.5,2,lower-critical,128,24000,3002.7022753092397,0.0016044339036652994,0.8110909007269838,0.5952922036839368,1.0822331632566615,0.4309611846361494,0.2577360021869516,1,1.0006360105879375,5676.588821104293,9665.135072416553,0.9989453504760125,1.0210506244368953
0.5,2,lower-critical,256,24000,14400.262104177336,0.0012886771328576327,0.5202476014406074,0.40348034159070395,0.6434010634212577,0.30402390839065374,0.23818664421298022,1.0005772607506105,1.000059021554957,5258.502492866987,10873.667124440663,1.0004176513671594,1.012906640999792
0.5,2,lower-critical,512,24000,67300.16900357725,0.0010574803872878515,0.6001744726814935,0.38753987771446724,0.8171171872779734,0.2864035689476716,0.24706817564243416,1.0004681138801081,1.0006036707420825,3255.6098895431937,7012.358210172382,1.0005089483624474,1.0020503714420173
0.5,2.125,rough-mid,32,24000,336.9395290345876,0.05816704732181606,1.1367843231955481,0.88160471453114,1.3927406431579004,0.6041759095236428,0.31043123665611994,1.0002069814420553,1.0001238934323677,7022.24182795924,10638.07558213903,0.9993233347980991,0.9913145886358574
0.5,2.125,rough-mid,64,24000,1836.4573373224641,0.05604423026496776,0.891276798010102,0.7321459147638391,1.070544340989437,0.46603709386236325,0.3568277084813499,1.0012933391269745,1.0001911974361617,4926.448387776438,10094.217549350804,1.0005882334605936,1.0079876136267198
0.5,2.125,rough-mid,128,24000,9702.807322553816,0.052344672045320825,0.567290977736878,0.4293782149530597,0.7124673324371914,0.42730518139985696,0.2510693062221712,1.0008943127345333,1.0004203411845265,3796.4772719340035,7627.039032279325,0.9998038235626973,0.9758259599837205
0.5,2.125,rough-mid,256,24000,51396.33643346577,0.04901536601397111,0.5357721446478609,0.40459454055755106,0.674348019725539,0.5150786713562776,0.2276743028581126,1.0013663252636864,1.000358473585982,2363.903228838612,6047.35490418323,0.9994989876457475,0.9650433177827812
0.5,2.125,rough-mid,512,24000,306366.4031608369,0.05164951353138913,0.5305674465082904,0.35241001199275457,0.7170549846221762,0.3865787590245189,0.24418823522018757,1.0046655266053122,1.0005123607258162,1268.4119646249028,4209.066189740736,1.0006220843840308,1.0050780833909305
0.5,2.2,rough-high,32,24000,526.2828256710058,0.032121754496521264,1.1319167247785806,0.8303370424591047,1.491114280412978,0.844751175797064,0.47332523101759605,1.0003388543489846,1.0002591350870038,6440.616024973795,10710.83975320453,0.9989247140171743,1.0127140370029188
0.5,2.2,rough-high,64,24000,3101.8049103251556,0.027183824142549294,0.8079943625209367,0.6101695665537381,1.026763718309951,0.5301737427293021,0.3109555681281396,1.0001305441867614,1.0004246677712176,4041.705788614494,7548.767024096851,1.0010441859499881,0.9847063083382365
0.5,2.2,rough-high,128,24000,18273.886977768092,0.022995508601889307,0.6488790030340179,0.4504506770270196,0.8544147624730547,0.7002578948738205,0.23801122351236031,1.0025632790434953,1.0007109709291795,2556.7140192092224,5815.657500305928,1.000476645161124,0.9623428249470654
0.5,2.2,rough-high,256,24000,110495.64122318798,0.019965180627009225,0.7421955808064515,0.5644556332551863,0.9489503131132135,0.3781768031735453,0.1954925034770968,1.000104971068713,1.0000013213490846,8405.076260398098,9915.354578433944,1.0004390668415928,1.016993605226464
0.5,2.2,rough-high,512,24000,654271.0391661811,0.016974688222839145,0.5914243753129207,0.4549222624256198,0.7235917756573502,0.5188272594095662,0.26008194450282857,1.0000545346649974,1.0005420368203812,7562.616696814443,8631.438641656296,1.0002668860130781,1.0372830677389198
0.5,2.25,upper-critical,32,24000,714.2003124075608,3.144502630666128,0.7112299998913656,0.6003477234658868,0.823945959630952,0.6995772992144613,0.3492584697886463,1.000378208410673,1,5188.131437868596,9951.485826372897,1.0011869247464362,0.9733990529155859
0.5,2.25,upper-critical,64,24000,4443.129867858905,5.070560058974416,0.7402576638203979,0.5487240047743712,0.959300508903715,0.4702728433987384,0.3000120978539337,1.0009332005186042,1.0003577338907508,3255.6581519497677,6612.65158106205,1.000783355529575,1.0087685942098648
0.5,2.25,upper-critical,128,24000,27280.811877833065,7.209769595665934,0.7999730604088153,0.5487264056554471,1.075763886440247,0.42529514662517043,0.23447183809160815,1.0003868027309748,1.000095093697988,9212.792827778623,8825.019627531961,1.0004646790216631,0.9997996993310784
0.5,2.25,upper-critical,256,24000,178760.51989554765,10.074268123254882,0.6203969213503262,0.4754991742183456,0.7740762059724345,0.3372292194407107,0.24359302381933856,1.000213557567911,1.0001750994993557,7881.351408605689,9482.591649950484,0.9985766825179397,0.9830974176475265
0.5,2.25,upper-critical,512,24000,1080836.2453879695,12.19612590657618,0.6732652651464774,0.5225951583003992,0.832027044102336,0.38719283301867247,0.2439365308505131,1.0004683842184725,1.0003131456878673,7712.673276000716,9306.817242128418,1.0003050877899191,0.9903225766518992
0.5,2.4,near-diffusive,32,24000,1543.30655156008,0.047097978258059066,0.9436017266829104,0.7489234049883715,1.1384463834040464,0.5597909972967781,0.2968938891375829,1.0004222218692118,1.0005080832580695,3615.1465608375265,6147.511217514115,0.9983974311919094,0.9787494889798369
0.5,2.4,near-diffusive,64,24000,10693.133130207072,0.040791065712765015,0.6151958131774551,0.4949138441971793,0.7417505420905124,0.2975912385431223,0.19575437097419937,1.000369965206562,1.0005027864494325,1587.259216629444,5289.161124510886,0.9995920835127408,0.9801612262364348
0.5,2.4,near-diffusive,128,24000,79625.04527313044,0.03796818030983468,0.5974555092621481,0.4778572797632283,0.7204352158016967,0.5186715833528366,0.2894949244061161,1,1.000330221678309,10163.588710520688,10484.79052947601,0.9998835007866972,0.9962883302843893
0.5,2.4,near-diffusive,256,24000,559274.9996485318,0.033335387685807454,0.5526207906580551,0.40271293920916457,0.7016036981460558,0.2845770256499227,0.15864736815683617,1.0003900508966785,1.000117968729939,8510.054774765471,10184.554500488299,1.0011911843090828,0.9784168602369356
0.5,2.4,near-diffusive,512,24000,3972000.624741925,0.029593710785671502,0.3227923997189053,0.20337114520371824,0.43620162248798805,0.2607582438304461,0.1509115579536459,1.0005501914233947,1.0000731461510075,8468.313995829263,9260.255095622684,0.9999319653895882,0.999853126183047
0.5,3.5,diffusive,32,24000,21824.64373660192,0.6660352702820409,0.2902816951697864,0.052391807940377295,0.575617989277623,0.8289215348359984,0.21125127685283385,1.0039128430943485,1.000908988195189,677.6003935161533,2059.8822528368964,1.0005495389008028,0.9769216874146898
0.5,3.5,diffusive,64,24000,182319.20223523694,0.6954925622376897,0.542568802961517,0.034286968713435034,0.9344212208681418,0.022885018515042876,0.03907801438671462,1.0142649360030889,1.002904907935489,330.4251357511756,568.0735469091728,0.9970338897742413,0.9881035821963763
0.5,3.5,diffusive,128,24000,1606630.4877048628,0.7661011160396873,0.15907752931758123,0.058752898814391594,0.26418309892436914,0.17136627728979947,0.024550780108191606,1,1.0008661425902767,10025.21326888837,8429.819203377288,1.0002579249386954,0.9894309495475404
0.5,3.5,diffusive,256,24000,12558288.048077643,0.7485322980927016,0.09845689952151693,-0.007162989380618964,0.19729050414776358,0.10321049641945068,0.0028261305604662646,1.0000906409916719,1.0000953712165246,9341.459684898171,8557.218373687334,1.0000149335113757,0.9837262383891362
0.5,3.5,diffusive,512,24000,101700108.31437771,0.757724853712154,0.12479692061651981,-0.007312748413353996,0.2751985713548229,0.041982276964118714,0.012419847254317003,1.0001997265088642,1.0004906984872175,7216.785123407575,6180.293341611457,1.0006354307429994,1.0142790867666285
1,1.75,localized,32,24000,14.286927537631898,0.03318382007671906,0.2488519100204325,0.16277719312107786,0.33230101217171987,0.19292419232840663,0.10469262789283544,1,1,17869.27522617218,22297.66514088076,1.002185345129997,0.9893314716331212
1,1.75,localized,64,24000,50.481465267562044,0.03485916642082647,0.17388704527009313,0.11268999116741982,0.2413079623244633,0.10149718619113868,0.06915594310872998,1.000054258396997,1.000036144038329,17935.825610715627,22684.331156261396,1.0006501516264916,0.999365209436152
1,1.75,localized,128,24000,169.906675130408,0.034881326671102914,0.1617069557474875,0.09328689506052971,0.2312196374132054,0.11618470557219363,0.07700270394248587,1.000173492700306,1.0001544208487296,16340.256859488803,20363.526392118318,0.9999764527856047,1.0005049187251844
1,1.75,localized,256,24000,601.1872359882893,0.03669355688405086,0.12239606483059973,0.05456156796524194,0.19254943761138857,0.09392518895274504,0.04432831790698787,1,1.0000586778583038,15499.50920671766,21011.064915917537,0.9999937870808309,1.0101551191193239
1,1.75,localized,512,24000,2093.828044389169,0.03799431164520009,0.1251297655504966,0.04678622395159235,0.2235696601867614,0.10887624935236984,0.05958270220325524,1.0000432678828073,1.0000584599796374,14117.290039301952,18806.274848050038,1.000026612820264,1.0040905892691334
1,2,lower-critical,32,24000,54.64010962205458,0.015396292028392086,0.3819286169950522,0.25668037633703966,0.5209600648865651,0.2314646750264746,0.15096250126121372,1.000254705818681,1,14772.49722296495,18967.972900068326,1.0014903358628915,1.0007843642304073
1,2,lower-critical,64,24000,232.96532890901162,0.013675859566898492,0.2522288288681289,0.17140168133262945,0.33839846358553494,0.2197438997032508,0.13159549883001379,1,1.0000816992814558,12111.954317267318,18075.03239112066,0.9988872774267463,0.9990146531883238
1,2,lower-critical,128,24000,1026.777090047645,0.012916139577899504,0.27088683919509604,0.18717115274066773,0.36676992004636944,0.15015792767593794,0.12359000297297043,1,1,9827.183633921833,18257.564434462478,1.0000133485052936,0.9905842382878065
1,2,lower-critical,256,24000,4248.958827257867,0.011691955240299815,0.27916023331935547,0.18071387674559872,0.37761171213887623,0.10168571753864875,0.09605569744278156,1.00044818617128,1,8779.018814173824,17049.14606703689,0.9999406727643255,1.014339871637164
1,2,lower-critical,512,24000,18874.31071176887,0.011541525295709561,0.23248132951230271,0.14433302122963698,0.32788020000221274,0.14174998278812545,0.11622587340196716,1.0004802395307102,1,6396.268619454185,17774.649692109528,1.0003746334675587,1.0026716903548125
1,2.25,rough-mid,32,24000,171.23214153280472,0.029560402449936747,0.42084798201562545,0.3379497839365241,0.5045059637110412,0.2660406726563198,0.135081906948508,1.0002937468880062,1.000073930995643,10192.21228759867,15018.237127363911,1.001388860832296,1.016173766880936
1,2.25,rough-mid,64,24000,917.4983423415065,0.027999827341964913,0.3101906741902858,0.2207984473990638,0.40777383577403903,0.19257514640929285,0.11444021622811151,1.0004004767633452,1.000043041445539,7022.7167612740905,14181.713511500333,1.0021143499582448,1.0162959236350595
1,2.25,rough-mid,128,24000,4828.626537050751,0.026049458070113385,0.34407104609316086,0.2581248240786094,0.426593987668998,0.2639235651862286,0.11419008953292019,1.0002339023551825,1,4850.731824865321,12053.481631139784,0.9993528098038743,1.0120207780823551
1,2.25,rough-mid,256,24000,27260.824683264516,0.025997948344482914,0.30731887260236634,0.17247739530607922,0.4394258862514663,0.18905360499321722,0.17586419552560803,1.0009876702419092,1.0000240229277966,2637.205977552552,7680.378515795705,0.9995251599581939,0.9931525738028926
1,2.25,rough-mid,512,24000,150770.98298511712,0.02541808711884926,0.33951860262774636,0.22128431399653173,0.4588833908322874,0.15548540453839932,0.12278749735876568,1.0003862956445158,1.0004867488630242,1326.5039702168751,6689.067729867882,1.0002022327356683,1.0045583926502548
1,2.4,rough-high,32,24000,310.39218077851996,0.01894483525259523,0.37528272495396386,0.24119015229161744,0.5129887801024794,0.24924044471809914,0.13811594269593025,1.0007626748772138,1.000007309476053,6975.447422113369,11775.530378045802,1.0020299443016705,1.0138711488846102
1,2.4,rough-high,64,24000,1794.1841510961447,0.015724001944930226,0.3105252342018794,0.2166309567755346,0.4082126702110131,0.23499942712451904,0.09110751486347854,1.0002933614655216,1,4540.170527989649,10207.491182576767,0.999416312555334,1.0323352028102482
1,2.4,rough-high,128,24000,11004.348120380999,0.013847660444013187,0.282100247297016,0.18399558345207673,0.38983016848662677,0.1556212923142457,0.12733600212076301,1.0010760958639062,1.0003424801785217,2672.058965698394,8930.824708641992,1.000290974223107,1.002244558627971
1,2.4,rough-high,256,24000,69139.65880150574,0.012492671757736063,0.36518288552149913,0.2520863455102651,0.48557259338019154,0.24428690692616772,0.06975085528250421,1.0000916881472492,1.000260851466567,10274.964780426664,13869.283637731478,1.0008899928931387,0.9930087984240693
1,2.4,rough-high,512,24000,441792.09374195785,0.011462043406571025,0.22317897807486098,0.10809612227843307,0.36053293677739234,0.08556999562501932,0.06906429714820546,1.0001529442506705,1.0001872899349524,9058.258095690137,10951.18126527832,1.0009640904632626,1.017906225349385
1,2.5,upper-critical,32,24000,424.37691955464084,0.1555581436442179,0.3583318482760043,0.2531309076751387,0.4637133552232456,0.19649231235452636,0.10293824610312129,1.0006174184667072,1.000192864376375,5838.404638215231,12324.102845302157,0.9996185667342725,0.9951147391434438
1,2.5,upper-critical,64,24000,2772.6154869451207,0.18293767096331148,0.2735565743390973,0.17784072371606444,0.3840038574709619,0.26184440077646487,0.14398587508913271,1.0002412627463013,1.0003186581128651,4042.077118266553,8009.773183974428,0.9998936691959284,1.018351053862403
1,2.5,upper-critical,128,24000,17596.16748584347,0.19753096265657646,0.23689996781072775,0.13364797050890945,0.344539939200574,0.19157046141733236,0.08545053357778724,1.0003504252212072,1,11605.510487749683,11969.034528147527,0.9994451094027156,1.0026364674929757
1,2.5,upper-critical,256,24000,117360.7291074795,0.21509672552233167,0.22831788939234343,0.13420668119231988,0.3255581603134612,0.23287944859130816,0.08392895212301348,1.0002833899147434,1.0001443956560263,11130.53836093959,12871.507905324841,1.0002250441346607,1.0013399559602085
1,2.5,upper-critical,512,24000,793881.0134393548,0.2301873607452907,0.20924328387624103,0.11970182324189525,0.3053354856443302,0.0728952548998425,0.04983846016874931,1.0001319604459697,1.0002156916977947,10529.831112029842,13409.57043773785,0.9994916256394862,0.9966146510057784
1,2.65,near-diffusive,32,24000,635.4840957017357,0.01939343553777269,0.22935690149127907,0.1303811083727546,0.3313892490824999,0.09307310749905007,0.06262608136029318,1.0009384362732698,1,5218.307503005193,10658.295981873005,0.9995931398962415,0.9996475576435546
1,2.65,near-diffusive,64,24000,4430.627892285315,0.01690150410570265,0.2017142527230953,0.08841356566243244,0.33289150701203374,0.11971684449154463,0.0725689434534552,1.0005212853617789,1.0001032957717884,2500.84956583236,6807.859253274605,0.9991620256723909,0.9988048165634187
1,2.65,near-diffusive,128,24000,31735.35897559768,0.01513259838848003,0.09536054735072463,0.004266809284395501,0.19124212642837995,0.09750636702222559,0.08917967599941733,1,1.0000757536160159,10648.752501092873,13625.513873642414,1.0009317060850969,1.0194707340144742
1,2.65,near-diffusive,256,24000,225695.54754490298,0.013452502938801228,0.1465445532876628,0.07415521239556423,0.22666170786305428,0.036447804698286124,0.06063547615826455,1,1.0000968349483526,11781.332955621581,13998.634404885619,0.9998638974214886,0.9843227255338706
1,2.65,near-diffusive,512,24000,1675718.4881197026,0.012485075653491185,0.1428652490358453,0.07599742386906412,0.21479423010610896,0.14175449097789095,0.05235826331715961,1.0004670656964794,1.0002181101899372,10117.35892467976,13505.938119280572,1.0007030027368038,1.0137342455197
1,3.5,diffusive,32,24000,2367.6458423641766,0.07225481696668018,0.19050709273269506,0.09623964301229293,0.2846893443243772,0.08573504586454206,0.03952853459288421,1.0008215245214103,1.0004040816704394,2731.8001782177953,5872.918890591482,0.9992693652233828,0.9929586118826426
1,3.5,diffusive,64,24000,18704.126184941288,0.07135057901360049,0.00579301252900466,-0.08599057595810294,0.10003971056843103,0.20504371351989636,0.03591466051604392,1.0032269235727957,1.0006849017944894,1078.0324758535821,3888.202128183682,1.0010217041683047,1.007979100515426
1,3.5,diffusive,128,24000,145843.43879694797,0.06954357089850804,0.05368724091660493,-0.028486599329156155,0.13655547773891805,0.03309223050599108,0.02090524409925579,1.0000717240819126,1.000233228881717,9794.25876906524,9843.427746630085,0.9986696235714868,0.995069125397958
1,3.5,diffusive,256,24000,1186378.49947053,0.0707136690301019,0.010457373412517068,-0.06015968346545435,0.07914711160734021,0.04177570776019168,-0.011927637408065553,1,1.0001592957426093,9028.578351531296,11734.494798607404,1.000742509267531,1.014246430281082
1,3.5,diffusive,512,24000,9220047.960942993,0.06869471044050895,-0.006889282355436954,-0.07405139656998776,0.058449705292857264,-0.04580769658150663,0.0029412802470331653,1.0001159045368317,1,7825.172728379428,9658.794166961094,0.9989232822978611,0.9976386375859189
1.5,1.75,localized,32,24000,17.049587524517847,0.03960056795316065,0.08645397009387068,0.02062820913304062,0.15536830430538479,0.08644297324249539,0.03713959698139003,1.0000247054154214,1,19365.55406866591,22774.57532320908,1.001531193738596,0.9918691671566628
1.5,1.75,localized,64,24000,57.1924281829837,0.0394933142585082,0.04242085237069615,-0.024553031973892917,0.10552496566211733,0.014440524930652732,0.017439245740721684,1,1,18510.918321708697,21220.326915838203,0.9990969621987452,1.006802615640522
1.5,1.75,localized,128,24000,197.1458385837149,0.04047344456719563,0.09424689884327231,0.032881984428514706,0.16098769443070365,0.1029988614905335,0.02890133937696231,1.0001063095008862,1.000156746502788,16343.6144366992,21919.012767882465,0.9996412578410061,1.003283008219622
1.5,1.75,localized,256,24000,673.9436956314348,0.04113425876656707,0.016360504809801224,-0.04838032072778131,0.08371530877590017,0.05561908572154772,0.007374631626208016,1.0000047395660951,1.0000561149790292,16437.735430758672,21797.185073814373,1.0002376756572773,0.9873897889713312
1.5,1.75,localized,512,24000,2264.3992267764856,0.04108947252943812,0.073649781474451,0.01084952085728753,0.14523576635258334,0.021817405325021078,0.01617467743416773,1,1.0000007774450088,14524.879932219246,20526.037392193037,0.9998821294980107,1.0141852470099801
1.5,2,lower-critical,32,24000,50.77096965156977,0.03276300132908467,0.13015100876958696,0.06586969281037286,0.19820302972418719,0.04939684156083013,0.06291228879874804,1.0002323066336396,1,16598.633376116926,21677.393789575275,1.0013265979261952,1.0129964968966885
1.5,2,lower-critical,64,24000,206.51342187821186,0.03135182053417651,0.11621934352205576,0.04056777337032544,0.1926778319936992,0.027144296607636953,0.04674018499658801,1,1.0001253003808093,12674.873372607168,19720.161551145866,1.0005815315760032,1.002721161622557
1.5,2,lower-critical,128,24000,848.6237860920411,0.030595256190865255,0.12032077603281044,0.040524726009352995,0.20894014552403686,0.09645833082696553,0.04073143672402142,1.0003688595458524,1.0000042433690077,11299.979675200208,20868.58816547322,0.9994207355224184,1.0112349582518123
1.5,2,lower-critical,256,24000,3422.9210906339445,0.02950836458953579,0.08313608340626777,0.018199647981679258,0.15021288280213133,0.02016063908618726,0.02106529289960989,1.0000382153784242,1,8698.16651143237,18104.657093258706,1.000055228557921,1.0111648234736352
1.5,2,lower-critical,512,24000,14471.323775474453,0.029987874288260392,0.11899168782788427,0.04666386648554373,0.19321402394796672,0.022112098752093967,0.030708218807356368,1.0003374319192644,1.0001686653482473,7485.313280380698,16288.156848717772,0.9997143594973861,0.986325126162493
1.5,2.375,rough-mid,32,24000,194.854068764582,0.03363833822393208,0.11374313063617913,0.031743852025541794,0.21194383005388667,0.07777201082702634,0.05271681704578943,1.0001948419708482,1,9497.6627069538,15558.18926877513,1.0012004396202248,0.9999697300921055
1.5,2.375,rough-mid,64,24000,1036.1229016051682,0.0316199615968374,0.03001397635379499,-0.035717857729872446,0.09659097778863317,0.10877008855994852,0.029099055946336147,1.0007620478337886,1,6658.801830311407,15208.375581518474,0.9994886966922617,0.9966365435542622
1.5,2.375,rough-mid,128,24000,5784.89901144467,0.031208353572630926,0.11691601468699453,0.031955057986923774,0.20511356565207908,0.11895668468279963,0.04639535501385791,1.0020435806331536,1,3727.928534272889,11375.626368647085,1.000188586984627,0.9851747368577087
1.5,2.375,rough-mid,256,24000,32621.172000196406,0.03110997390765801,0.07714757063146438,-0.008027464529597997,0.1574458977137025,0.106319045794383,0.039891868866253725,1.0029185536403935,1.0002587208968896,1962.932659638539,9022.57619689815,1.000669318880096,1.0037141260294133
1.5,2.375,rough-mid,512,120000,171319.576537087,0.02888232095703649,0.11287288731686784,0.07528795348303874,0.15479930612841028,0.09230816085742433,0.03632980687020507,1.000054859687848,1.0000738898936514,41735.68764443627,57849.24336342038,0.999788490919362,0.9984142327523506
1.5,2.6,rough-high,32,24000,365.84118691135717,0.02232917400582012,0.14075142840551402,0.06220567331265939,0.2225228325134015,0.10590095066222682,0.05266960457601912,1.000532941492388,1,7117.138811304937,13855.086196214374,1.0000757469454116,0.9963625578961443
1.5,2.6,rough-high,64,24000,2250.019120252791,0.019718881699724224,0.11916630096091074,0.057881873143802734,0.18357985510426733,0.014572228347916383,0.051953202593453644,1.0017372883229083,1.000064872524015,3930.5543644969075,11128.740418185473,1.0016439663691399,1.0020697766733935
1.5,2.6,rough-high,128,24000,14168.248743831824,0.01782905225685519,0.09169115257788141,0.014440178772775371,0.18554358061952073,0.15447114654093763,0.025189110683715186,1.0013107751262733,1.0008662136542934,2168.8026748835805,8999.62110446518,1.001637864547942,1.0052366865058762
1.5,2.6,rough-high,256,24000,88526.88664175267,0.015995701392232466,0.0306429555056007,-0.045165582895482566,0.10826793996075189,0.07128827377613733,0.03803233433366366,1,1.0005957406296468,10502.60155244427,14127.021855204619,1.0000925115901407,1.0085702999843231
1.5,2.6,rough-high,512,24000,588624.0175008533,0.015271513760238723,0.14863943553320924,0.059670529859357765,0.24015482159778823,0.032831242604874245,0.05248281256793494,1,1.0000526937664314,10373.813836524267,10763.264579033643,1.0001734165680491,0.9880013872707955
1.5,2.75,upper-critical,32,24000,513.0726705008835,0.08212137912967339,0.055568893569313715,-0.002089395930103423,0.1131114568969529,0.10730335619670495,0.028523495172172272,1.0001452636032642,1.0000431286160032,5837.994988194074,14016.307224275755,1.0009633034085432,0.9929768832321236
1.5,2.75,upper-critical,64,24000,3287.2817050586245,0.08386857860119816,0.13544528527418853,0.03899452135977816,0.2531639717701552,0.07056244829721425,0.05319991041644426,1.0001621457559042,1.0003242655300566,3502.8182844535486,10275.777893629273,0.9976496303227239,1.0095413971122054
1.5,2.75,upper-critical,128,24000,22378.528894267074,0.0876529007201235,0.17898647740128348,0.08324822848195954,0.2753097869876597,0.06171973787213947,0.06321061125889459,1.0002201116985165,1.00016993615013,12012.53816079092,14063.90187066601,1.0013154646675735,0.9983118572622016
1.5,2.75,upper-critical,256,24000,156933.77250784682,0.09180868838353975,0.1301251129177845,0.04589490857732981,0.2254910045543234,0.07679871397324733,0.053310541059624815,1.0001251576528163,1.0001558904109913,11486.906013182383,12526.168818349426,1.0000794129030544,0.9953771329505642
1.5,2.75,upper-critical,512,24000,1090227.9323268428,0.09328204299476285,0.06916306758445057,0.0014773218305030472,0.1330583346656218,0.05759910579658767,0.03502051696477834,1.0001141237266038,1,9924.576421821104,13068.91654503801,0.9997951192071923,0.9940800314465847
1.5,2.9,near-diffusive,32,24000,690.836390593854,0.021082653521540953,0.17300946342186796,0.09050752336120955,0.2575768155604794,0.0471037321205654,0.028860123185219255,1.0007816869506916,1.0000756247173856,5280.760531369819,11500.576231569285,0.9994912495660324,0.9957334903335935
1.5,2.9,near-diffusive,64,24000,4732.624576227037,0.018053530030162954,0.11923307036305886,0.03459345562596161,0.1980205907940057,0.01258957923137416,0.007398138946979681,1.0004719056255376,1.0000428937028587,2607.804460017607,8997.696626195731,1.0006619214704984,1.003208816576927
1.5,2.9,near-diffusive,128,24000,34475.3605444281,0.01643913295003323,0.0754656473066806,-0.01227705283634025,0.171173998419204,-0.034624901465311275,0.033191511467109025,1.0005586202909835,1.00001343724582,11240.619987617487,11681.50401818548,0.9992154596500942,0.988203088382554
1.5,2.9,near-diffusive,256,24000,249147.50120093886,0.01485034830575817,0.018543893162978442,-0.059711627312921164,0.09226696257364418,0.05089335801595807,0.01672617645047794,1.000104876419921,1,10569.286566252922,12701.202242320673,1.0006324646925508,1.0015313623527884
1.5,2.9,near-diffusive,512,24000,1839883.491657738,0.013708200243545604,0.03759793564868641,-0.033740399007018695,0.11516800864654275,-0.00829552873063566,0.01751955083612121,1.0004913887902551,1.0000696147897694,9496.927310352803,12531.352979415671,0.9994486363477048,1.029417066319412
1.5,3.5,diffusive,32,24000,1426.5593462194365,0.04353513629820057,0.07424544594030458,-0.013110492831014318,0.19458169114972235,0.026079265521381068,0.015501859867632207,1.0014494813370185,1,3238.473447216098,8543.155382609708,0.9990257850438555,1.0038598565106316
1.5,3.5,diffusive,64,24000,11088.02058231323,0.042297441796543996,0.06834895766017945,-0.04971528939155089,0.18493035087493512,0.0664461214223584,-0.00130233237020613,1.003457390846416,1.0005361685830574,1341.4548202852636,5590.455283679432,1.0016809723845592,0.9905022129499731
1.5,3.5,diffusive,128,24000,85965.59908856335,0.040991591972619694,0.018507780759216885,-0.05450789720306353,0.0943800454931378,0.03785712283497045,-0.012097793372718397,1.0001940328886854,1,10248.572132461832,13099.09147284061,0.9988482501345748,0.9940334372214225
1.5,3.5,diffusive,256,24000,673280.3861556525,0.04013063825104549,-0.024721695544507316,-0.09210482132493858,0.046966284511223075,-0.012729214980736536,0.015103816531663055,1,1.000269160560548,9751.30377254085,11768.644862569228,0.9996620160459515,1.0112565609526252
1.5,3.5,diffusive,512,24000,5380409.927369386,0.04008717780835468,0.06427200831919455,-0.02181741747106241,0.15376487434570765,0.04263797245078882,-0.01815422242905206,1.000095689001888,1.000066039161291,8041.959421834206,10084.722415190396,1.0001760003917572,0.999524544240072
2,1.75,localized,32,24000,19.717114139039385,0.04579635238567654,0.02626760768390124,-0.03295859640199541,0.08880634159664615,0.023646956151698983,-0.008987356217666024,1.0001710219071385,1,19645.156291806034,23274.135866271434,0.9975149209338703,0.9831002514619744
2,1.75,localized,64,24000,67.02069556074694,0.04628006670980793,0.04570849236931229,-0.012013118752073646,0.11137647575485245,-0.017977481222416714,-0.011043809057274348,1.000155758670157,1,18587.581913421804,21586.492156080196,0.9983133747426095,0.9957998081976616
2,1.75,localized,128,24000,224.10129395009946,0.04600731805086855,0.052272114200544006,-0.010218740816454418,0.11736643239872617,-0.014648192702899188,0.017475624085029427,1,1.00010357990128,16258.9966556596,22187.32859541064,0.998814622181099,0.9945689264353095
2,1.75,localized,256,24000,737.7586967410845,0.045029217330388456,-0.07146582891974029,-0.11987465579897026,-0.019463644471985463,-0.03154973428507679,0.013914269180025009,1.0003848602414456,1.000077116168299,15185.661631832147,21348.829723007417,1.0005867476364096,1.001033272551499
2,1.75,localized,512,24000,2498.1032645228365,0.04533023340121584,0.04893259717858989,-0.007669476862555547,0.1051316500000283,0.02094489001065991,0.007209427021860795,1.000121556478882,1.000343501753062,14489.230852550876,21001.49873160796,0.999921286589607,0.9795799742807787
2,2,lower-critical,32,24000,49.88549112740507,0.04871629992910651,0.007325020273963645,-0.06586183750468638,0.07558863942090462,0.03423848923826478,0.004827384871507162,1,1.00003735870306,17156.929228549026,21271.359051868883,0.9982346616690341,1.0074833763720044
2,2,lower-critical,64,24000,196.98603744279578,0.04809229429755756,0.008667062665705938,-0.04918894947391629,0.07683278943787727,0.09507545985754273,0.02062358872399897,1,1,14479.406414576517,21057.749712986944,0.9998969809193056,1.0062528590876099
2,2,lower-critical,128,24000,779.4039092777213,0.04757103938462654,0.03159481054048552,-0.03546194767528019,0.09812334710504454,0.032692062796292554,0.004710202216406135,1.0001133866883376,1.0002454025702519,11612.492476656065,20280.810634397843,1.0008077507846378,1.0264717624608448
2,2,lower-critical,256,24000,3152.605342132916,0.04810493991291681,0.0207579405087559,-0.03204319091608239,0.07930645678315681,-0.046049760562798525,0.008890624044027701,1.0001804424107341,1.0000567321987064,9726.218658531081,18894.70438705509,1.0005653693765066,0.9963767535113368
2,2,lower-critical,512,24000,12544.778471000578,0.047854532131197274,0.055521454705973916,-0.02471827449093355,0.14621644963533934,-0.03616471762839035,-0.006073639452394061,1.0007361482810977,1.0000131636103948,6816.301635958318,17849.15125285079,0.9999123216786582,0.9981297952949579
2,2.5,rough-mid,32,24000,222.60948416743668,0.03842985249297703,-0.005816736879551421,-0.07009015659257607,0.06285328801868484,-0.004798362953192914,0.007409613684461935,1.0002264886806327,1.000106739687225,10000.893647169352,18234.63268167471,0.9972511760528822,0.9951366510966695
2,2.5,rough-mid,64,24000,1223.074741926513,0.03732527898945657,-0.03453988522407325,-0.09153178615612702,0.02519769076653755,-0.04854442230203837,-0.0009136475472772702,1,1,5880.3351597865785,15255.238321955583,1.0003578087611065,1.013509488629537
2,2.5,rough-mid,128,24000,6634.04879510236,0.03578934394637545,-0.02147951891183597,-0.07797827387698268,0.040222693716451575,0.049195096816873285,0.005384982738164562,1.0006124556906735,1.0003771873919605,3822.8562176060714,12447.469091301547,0.9996700451258856,0.9940653342569551
2,2.5,rough-mid,256,24000,36793.58726003888,0.03508909917835129,0.03342479375925489,-0.03236765552375785,0.09694922662373007,-0.08367119654200605,0.0013411959086031629,1.0026014067561713,1.0005002539435026,2024.965720193617,8806.939952576597,1.0004548683327905,1.0073658596884505
2,2.5,rough-mid,512,24000,199654.59412001361,0.033659247731521,-0.04654063300980482,-0.11544780167442108,0.032159708708711224,0.018580628958406287,0.001662283972654429,1.0012950519069206,1.0003747062434623,1426.2883316182376,9190.212218772529,0.9998504510454143,0.9975798638194571
2,2.8,rough-high,32,24000,442.67494239802124,0.027018734277223,0.036028734892909586,-0.014752869073030857,0.08417447207829715,-0.0007517293359056154,0.032004113317836716,1.000077235105785,1.0003540061444343,6422.843734269589,14744.434532242147,0.9988761971320945,1.008586221382489
2,2.8,rough-high,64,24000,2696.9578274636337,0.023635795745116085,0.004457926862892148,-0.06658420424463728,0.0785813481422031,-0.09275307683667222,0.013331579943507994,1.0004187400660396,1.0000675369055445,3847.1880416937784,10745.981858043939,0.9989178805077567,0.986584034277658
2,2.8,rough-high,128,24000,17900.51805859413,0.022525668320892363,-0.0015660414388900534,-0.07860651140473042,0.08308362375169033,-0.007621074232605718,0.0011861148950161422,1.0021366754686594,1.0006885422004081,1934.89215289265,8740.657106379233,1.0000975082242225,0.9894073236528179
2,2.8,rough-high,256,24000,116015.31533649474,0.020962516716057433,0.10385364054607615,-0.0014888446521328462,0.2095891551801139,0.0035061662884041667,-0.015455626309844383,1.007675779189066,1.0006301750291628,951.1917490135888,4757.833898520817,1.0012754957815642,0.9983623053684122
2,2.8,rough-high,512,24000,770389.8077706135,0.01998732331729832,-0.03954079429261759,-0.1394459978574807,0.05712887123896112,-0.06121296109370089,-0.00446385243761893,1.0067653471127742,1.0020391366940906,511.25150287549457,3295.840241620095,0.9999732364877708,1.0071510859639117
2,3,upper-critical,32,24000,623.5805748750543,0.06595353963113305,-0.03539466757987464,-0.08921324403507458,0.018770845339437976,0.029190894005446832,-0.007048882846365343,1.0002498485238425,1.0004448111819557,5590.144072174726,12948.362480317035,1.0011242356785934,0.9805301541924113
2,3,upper-critical,64,24000,4223.858278026811,0.06701100440595403,0.0048288829508518205,-0.08043045025690407,0.08481605896740567,0.02104669999632769,0.014873711260183506,1.0018875171926718,1.000242241388343,2835.3066586148816,9475.0320623911,0.9988134747947301,1.0019961582523162
2,3,upper-critical,128,24000,27906.205552601896,0.06456458754176427,-0.04319689951245209,-0.0981736169104876,0.011675627363745876,-0.03541652240414006,-0.008558083129537673,1.0012184104880362,1.0009786406766468,1677.4167961111261,6710.743569777147,1.0009426665423344,1.0074045664615563
2,3,upper-critical,256,24000,204428.86582558896,0.06756748770335881,0.02113551942717251,-0.07226927558334625,0.1258591150167804,-0.023340505904635656,-0.012437841636300758,1.0074049339725042,1.0009373116354028,514.78869490834,5421.876523577861,1.000367391236146,0.99957125981172
2,3,upper-critical,512,24000,1476375.3305918428,0.06862065628641793,-0.02226952701923368,-0.11152531218163036,0.06966403478884589,0.00022538996035281755,-0.01410446135971826,1.005951596425134,1.002169047611493,337.93661440132837,3500.007393077234,0.9997946079201459,0.9823698847887186
2,3.15,near-diffusive,32,24000,788.5633714076362,0.02406504429344592,-0.03752136356893976,-0.09725045391153973,0.0248560580713895,-0.004370539435767373,0.0028790361115908036,1.0006060976994195,1.0000977158474742,4695.25560480539,11893.116784406155,1.00211020889628,1.0054608370062506
2,3.15,near-diffusive,64,24000,5531.429961106503,0.021100730747629175,-0.043467720031190815,-0.10375889325740843,0.019814793549417262,0.10806001666275344,0.01788244887501373,1.0002297373692823,1.0002103943605134,2404.0340692179366,8443.432436052946,1.0000372722992348,0.9919704797649969
2,3.15,near-diffusive,128,24000,39376.818856023994,0.018776330402385705,0.0064816691220026534,-0.10586865275717908,0.12048448211028161,0.041923785450776574,-0.0006336291312288846,1.0015632839652706,1.000864244316854,1055.973357616064,5558.805585934208,0.9990552961668596,1.0010104572682998
2,3.15,near-diffusive,256,24000,300461.5603896507,0.017908904575684708,0.011111635400534947,-0.08324585552750838,0.09921909646468326,0.024197544570062846,-0.0292318492764883,1.0031436187559564,1.0016534074223045,523.0274900948746,3978.361059281055,1.000159128525418,1.0019037067795062
2,3.15,near-diffusive,512,24000,2034217.9364992655,0.015156104687595852,-0.018117533124975882,-0.09456902946330385,0.050843097357555385,-0.016694328878415376,0.0062103302232178,1.0031129349913974,1.0035176853504029,294.9113716044152,2421.1807485979675,1.0000960889876194,0.9888939350436301
2,3.5,diffusive,32,24000,1152.1106479449718,0.03515962670730504,-0.051807557395101345,-0.12571726977212871,0.022431259094778576,-0.04876527749511661,0.01335849809131657,1.0011373818121323,1,3541.7052368066097,11290.11949008609,1.00039439440801,1.0053053791950521
2,3.5,diffusive,64,24000,8201.635330100537,0.03128675586738791,-0.01191289647501348,-0.09718090209614084,0.06478327936798436,0.026426541966698913,-0.003931929359836101,1.0007864156478328,1.0007414534443888,1983.1523580536987,7231.507702249672,1.000362793468104,0.9994872687392373
2,3.5,diffusive,128,24000,66169.88021510887,0.031552257640413695,0.005781027607614675,-0.08606410031280261,0.09145813682967573,-0.010993689402530649,-0.0038194864975429916,1.000092383827536,1,10533.581290354643,11858.289391262428,1.0017540032523042,1.001542513593347
2,3.5,diffusive,256,24000,498844.9182693585,0.029733474151453883,-0.005931662722976849,-0.07215809950423926,0.06519256875657417,0.009218917172285401,0.014529114539922958,1.0000600749477022,1.000511966735768,10517.623568707699,11843.230026648938,0.9996162272255499,1.014470753218899
2,3.5,diffusive,512,24000,3991956.97313963,0.029742397167828897,-0.04474967786198114,-0.13228479174167268,0.044268042285369125,0.010750049052176802,0.01665789979867293,1.000251303312457,1.0003358856963043,8781.476779858964,10674.58333309437,1.0002683227206859,1.013180227451479
